Artikeltyp;ExternalKey;Artikelname;ParentExternalKey
Einzelartikel;1017568;;
Einzelartikel;1020633;A2M 1 kg Barunüsse;
Einzelartikel;1020719;A2M 1 kg Paranüsse gewürzt;
Einzelartikel;1020720;A2M 1 kg Paranüsse natur;
Einzelartikel;1017400;10 x Einkaufsgutschein gebana CHF 30.-;
Einzelartikel;1021499;12x Schokolade aus Togo - A2M;
Einzelartikel;1021033;15 Tafeln Schokolade ChocoSamona - A2M;
Einzelartikel;1021483;15x Paranussaufstrich - A2M;
Einzelartikel;1021776;Paranussaufstrich mit Kakao;
Einzelartikel;1006661;;
Einzelartikel;1006663;;
Einzelartikel;1020636;A2M 2 kg Barunüsse;
Einzelartikel;1020716;A2M 2 kg Paranüsse gemischt;
Einzelartikel;1017392;;
Einzelartikel;1021500;20x Schokolade aus Togo - A2M;
Einzelartikel;1019158;2833 / Ana Katolyt;
Einzelartikel;1017397;2x 2kg « Verantwortungs-Schoggi » Drops 2.L, Versand Jan. 21;
Einzelartikel;1017398;2x 2kg « Verantwortungs-Schoggi » Drops 3.L, Versand Jan. 22;
Einzelartikel;1017396;2x 2kg « Verantwortungs-Schoggi » Drops, Versand Jan. 2020;
Einzelartikel;1020722;A2M 30 ml Paranussöl;
Einzelartikel;1020901;2x Saucen Communauts - A2M;
Einzelartikel;1021079;Mango Mischpaket;
Einzelartikel;1020637;A2M 3 kg Barunüsse;
Einzelartikel;1020717;A2M 3 kg Paranüsse gewürzt;
Einzelartikel;1020718;A2M 3 kg Paranüsse natur;
Einzelartikel;1021030;3 Tafeln Schokolade ChocoSamona - A2M;
Einzelartikel;1021034;30 Tafeln Schokolade ChocoSamona - A2M;
Einzelartikel;1020899;3x Konfitüre Communauts - A2M;
Einzelartikel;1021459;3x Paranussaufstrich - A2M;
Einzelartikel;1020715;A2M 4 kg Paranüsse gemischt;
Einzelartikel;1021493;4 Tafeln Schokolade aus Togo - A2M;
Einzelartikel;1016764;fairafric Kennenlernpaket;
Einzelartikel;1020689;fairafric Kennenlernpaket;
Einzelartikel;1021758;fairafric Kennenlernpaket;
Einzelartikel;1020638;A2M 5 kg Barunüsse;
Einzelartikel;1021075;Barunüsse;
Einzelartikel;1021226;A2M 500 g Barunüsse;
Einzelartikel;1020723;A2M 5x 30 ml Paranussöl;
Einzelartikel;1021419;fairafric Kennenlernpaket;
Einzelartikel;1021031;6 Tafeln Schokolade ChocoSamona - A2M;
Einzelartikel;1021464;6x Paranussaufstrich - A2M;
Einzelartikel;1020900;6x Saucen Communauts - A2M;
Einzelartikel;1022134;fairafric Kennenlernpaket;
Einzelartikel;1021284;Schokolade ChocoSamona;
Einzelartikel;1021498;8 Tafeln Schokolade aus Togo - A2M;
Einzelartikel;1021032;9 Tafeln Schokolade ChocoSamona - A2M;
Einzelartikel;1020898;9x Konfitüre Communauts;
Einzelartikel;1021482;9x Paranussaufstrich - A2M;
Einzelartikel;1019192;A Sea Eagle / Paolo Pellegrin;
Einzelartikel;1020481;A2M 15 kg schwarzer Dal & Gewürze;
Einzelartikel;1020477;A2M 3 kg schwarzer Dal & Gewürze;
Einzelartikel;1020479;A2M 6 kg schwarzer Dal & Gewürze;
Einzelartikel;1020480;A2M 9 kg schwarzer Dal & Gewürze;
Einzelartikel;1020518;A2M neu de_CH;
Einzelartikel;1018959;Aceto Balsamico di Modena I.G.P.;
Einzelartikel;Direktversand_Frischprodukte_Fruechte_0_Aepfelfrisch;;
Einzelartikel;1018973;Äpfel süss-säuerlich;
Einzelartikel;1021698;Äpfel Ladina;
Einzelartikel;1020576;Äpfel Sortenmix;
Einzelartikel;1019329;Sommeräpfel;
Einzelartikel;1022011;Säuerliche Äpfel;
Einzelartikel;1019170;After the Flood the Pandemic / Paul Goodwin;
Einzelartikel;1019964;Alberelli de la Santa Rosé, Hisotelaray;
Einzelartikel;Direktversand_Frischprodukte_Milchprodukte_0_AlpBergkaese;;
Einzelartikel;1018943;Bündner Alpkäse;
Einzelartikel;1000969;Urner Alpkäse;
Einzelartikel;1022234;Mutschli von der Alp Jänzimatt;
Einzelartikel;1021953;Alpkäse aus Parpan;
Einzelartikel;1020548;Fleisch vom Alpschwein;
Einzelartikel;1019771;Fleisch vom Alpschwein;
Einzelartikel;Direktversand_Trockenprodukte_Trockenfruechte_0_Ananas;;
Einzelartikel;Direktversand_Frischprodukte_Fruechte_0_Ananasfrisch;;
Einzelartikel;1000216;Ananas Cayenne Lisse;
Einzelartikel;1003090;Ananas Cayenne Lisse;
Einzelartikel;1021646;Ananas Cayenne Lisse;
Einzelartikel;1010226;Ananas Cayenne Lisse;
Einzelartikel;1020512;Ananas;
Einzelartikel;1017432;Ananas;
Einzelartikel;1006959;Ananas Sugar Loaf;
Einzelartikel;1016791;Ananas Sugar Loaf;
Einzelartikel;1006063;Ananasringe Cayenne Lisse;
Einzelartikel;1021918;Ananasringe Cayenne Lisse;
Einzelartikel;1008513;Ananasringe Cayenne Lisse;
Einzelartikel;1021678;Ananas Sugar Loaf;
Einzelartikel;1021973;Ananas Sugar Loaf;
Einzelartikel;1015232;Ananas;
Einzelartikel;1015137;Ananas;
Einzelartikel;1020701;Ananas;
Einzelartikel;1017563;Ananas;
Einzelartikel;1017562;Ananas;
Einzelartikel;1021954;;
Einzelartikel;1018632;Ananas-Mango Saft;
Einzelartikel;1014231;Ananas-Passionsfrucht-Saft;
Einzelartikel;1021358;Ananassaft;
Einzelartikel;1022144;Ananassaft;
Einzelartikel;1020894;Ananassaft;
Einzelartikel;1020498;Ananassaft;
Einzelartikel;1022371;Ananassaft;
Einzelartikel;1019959;Antier Tinto, Bodegas Recuero;
Einzelartikel;1022296;;
Einzelartikel;1003963;Apfel- und Birnenschaumwein, Hanspeter Hediger;
Einzelartikel;1005274;Apfelsaft mit Quitten;
Einzelartikel;1020483;Apfelmus;
Einzelartikel;Direktversand_Trockenprodukte_Getraenke_Saft_Apfelsaft;;
Einzelartikel;1022324;Apfelsaft Topaz;
Einzelartikel;1022326;Apfelsaft Sortenmix;
Einzelartikel;1020470;Apfelsaft;
Einzelartikel;1021526;;
Einzelartikel;1022358;Apfelsaft;
Einzelartikel;1021640;Apfelsaft;
Einzelartikel;1021907;Apfelsaft Bohnapfel;
Einzelartikel;1019812;Apfelsaft Boskoop;
Einzelartikel;1018974;Apfelsaft Sauergrauech;
Einzelartikel;1019053;Apfelsaft;
Einzelartikel;1018987;Apfelsaft;
Einzelartikel;1019081;Apfelsaft;
Einzelartikel;1021363;Apfelsaft;
Einzelartikel;1020475;Apfelschorle;
Einzelartikel;Direktversand_Trockenprodukte_Trockenfruechte_0_Aprikosen;;
Einzelartikel;1017447;Aprikosen;
Einzelartikel;1021492;;
Einzelartikel;1019923;Aprikosen aus Wildsammlung;
Einzelartikel;1020525;Aprikosen aus Wildsammlung;
Einzelartikel;1020353;Aprikosen aus Wildsammlung;
Einzelartikel;1021798;Aprikosen;
Einzelartikel;1022194;Aprikosen;
Einzelartikel;1019543;Aprikosen;
Einzelartikel;1001648;Aprikosen;
Einzelartikel;1005969;Aprikosen;
Einzelartikel;1020516;Aprikosen;
Einzelartikel;1017274;Aprikosen aus Wildsammlung;
Einzelartikel;1005864;Aprikosen aus Wildsammlung;
Einzelartikel;1006546;Aprikosen aus Wildsammlung;
Einzelartikel;1022328;Aprikosen aus Wildsammlung;
Einzelartikel;1000213;Aprikosen aus Wildsammlung;
Einzelartikel;1005497;Aprikosenkerne mit Chili;
Einzelartikel;1001877;Aprikosenkerne mit Chili;
Einzelartikel;Direktversand_Trockenprodukte_Nuesse_0_Aprikosenkernegewuerzt;;
Einzelartikel;Direktversand_Trockenprodukte_Nuesse_0_Aprikosenkernenature;;
Einzelartikel;1003599;Aprikosenkerne;
Einzelartikel;1001876;Aprikosenkerne;
Einzelartikel;1020494;Aprikosenkerne;
Einzelartikel;1011343;Aprikosenkerne;
Einzelartikel;1005965;Aprikosenkerne;
Einzelartikel;1020496;Aprikosenkerne mit Tamari;
Einzelartikel;1003602;Aprikosenkerne mit Tamari;
Einzelartikel;1001875;Aprikosenkerne mit Tamari;
Einzelartikel;1007079;Arganöl;
Einzelartikel;1021784;Aroniapulver;
Einzelartikel;1021655;Aroniabeeren;
Einzelartikel;1019945;Assembling Sense / Mirko Baselgia;
Einzelartikel;Direktversand_Non-Food_Verpackung_0_Aufbewahrung;;
Einzelartikel;Direktversand_Non-Food_Verpackung_0_Aufkleber;;
Einzelartikel;1020780;;
Einzelartikel;1020779;;
Einzelartikel;Direktversand_Frischprodukte_FischMeeresfruechte_0_Austern;;
Einzelartikel;1019090;Austern;
Einzelartikel;Direktversand_Frischprodukte_Gemuese_0_Avocadofrisch;;
Einzelartikel;1017887;Avocados;
Einzelartikel;1017270;Avocados;
Einzelartikel;1019157;B1 / 108 NERO;
Einzelartikel;1019195;Bacio Lupo e Agnello / Oliviero Toscani;
Einzelartikel;1018595;;
Einzelartikel;1019152;Banana Is / Monica Silva;
Einzelartikel;Direktversand_Frischprodukte_Fruechte_0_Bananenfrisch;;
Einzelartikel;Direktversand_Trockenprodukte_Snacks_0_BananenChips;;
Einzelartikel;1001874;Bananenchips;
Einzelartikel;1004745;Bananenchips;
Einzelartikel;1021441;Bananenchips;
Einzelartikel;1021815;Bananenchips;
Einzelartikel;1021962;Bananenchips;
Einzelartikel;1022127;Bananenchips;
Einzelartikel;1022372;Bananenchips;
Einzelartikel;1003390;Bananen;
Einzelartikel;1022171;Bananen;
Einzelartikel;1000273;Bananen;
Einzelartikel;1006832;Bananen;
Einzelartikel;1019150;Baño de Sol / Daniel Correa Mejía;
Einzelartikel;Direktversand_Trockenprodukte_Trockenfruechte_0_BaobabFruchtpulver;;
Einzelartikel;1004936;Baobab-Pulver;
Einzelartikel;1021262;Barrita Riegel;
Einzelartikel;1000050;Barrita;
Einzelartikel;1020649;A2M 1 kg Barunüsse;
Einzelartikel;1021848;Barunüsse;
Einzelartikel;1022159;Barunüsse;
Einzelartikel;Direktversand_Trockenprodukte_Grundnahrungsmittel_Reis_Basmati;;
Einzelartikel;1021405;Basmatireis;
Einzelartikel;1021970;Basmatireis;
Einzelartikel;1020759;Geknackte Walnüsse;
Einzelartikel;1022366;Rote Walnüsse, geknackt;
Einzelartikel;1020928;Rote Walnüsse;
Einzelartikel;1020770;Walnüsse Lara;
Einzelartikel;1021869;Walnüsse Lara;
Einzelartikel;1020555;Walnüsse diverse Sorten;
Einzelartikel;1020680;Walnüsse in der Schale;
Einzelartikel;1019784;Baumnüsse;
Einzelartikel;1020645;Baumnüsse;
Einzelartikel;1022153;Walnussmus;
Einzelartikel;Direktversand_Frischprodukte_Fruechte_0_Beerenfrisch;;
Einzelartikel;1004252;Bergfeigen;
Einzelartikel;1004259;Bergfeigen;
Einzelartikel;1017427;Bergfeigen;
Einzelartikel;1017428;Bergfeigen;
Einzelartikel;1019054;Berner Alpkäse AOP;
Einzelartikel;1022151;Berner Alpkäse von der Alp Oltscheren;
Einzelartikel;1022150;Berner Alpkäse von der Alp Oltscheren;
Einzelartikel;1022149;Berner Alpkäse von der Alp Oltscheren;
Einzelartikel;1022218;Alpkäse von der Alp Schüpfi;
Einzelartikel;1022219;Alpkäse von der Alp Schüpfi;
Einzelartikel;1022280;Berner Alpkäse rezent;
Einzelartikel;1019027;Berner Alpkäse AOP;
Einzelartikel;1003294;Bienenhonig;
Einzelartikel;1015539;Bienenhonig;
Einzelartikel;1020476;Bier;
Einzelartikel;1021999;;
Einzelartikel;1021853;;
Einzelartikel;1022285;;
Einzelartikel;1021855;;
Einzelartikel;1021986;;
Einzelartikel;1021990;;
Einzelartikel;1021857;;
Einzelartikel;1021854;;
Einzelartikel;1022363;;
Einzelartikel;1018591;Olivenöl;
Einzelartikel;1019641;Olivenöl Ernte 2022/23;
Einzelartikel;1021666;Olivenöl;
Einzelartikel;1022010;Olivenöl Extra Vergine;
Einzelartikel;1021724;Olivenöl Extra Vergine;
Einzelartikel;1020625;Birnen;
Einzelartikel;1019794;Birnen;
Einzelartikel;1020485;Blanc & Noir, Weingut Henri Cruchon;
Einzelartikel;1019088;Blauer Zweigelt 6Fl_Dezember;
Einzelartikel;1020566;Blumenkohl und Brokkoli;
Einzelartikel;1019162;Bodhgaya / Melina Mulas;
Einzelartikel;Direktversand_Trockenprodukte_Grundnahrungsmittel_0_Bohnen;;
Einzelartikel;Direktversand_Frischprodukte_Gemuese_0_Bohnenfrisch;;
Einzelartikel;1018978;Bohnen;
Einzelartikel;1020463;Bohnen;
Einzelartikel;1019323;Bohnen;
Einzelartikel;1020464;Bohnen;
Einzelartikel;1018098;Bon cadeau 100.-;
Einzelartikel;1018096;Bon cadeau 20.-;
Einzelartikel;1018099;Bon cadeau 200.-;
Einzelartikel;1018097;Bon cadeau 50.-;
Einzelartikel;1018100;Bon cadeau 500.-;
Einzelartikel;1022340;Gemüsebouillon;
Einzelartikel;1022003;Gemüsebouillon;
Einzelartikel;Direktversand_Trockenprodukte_BrotaufstricheNussmuse;;
Einzelartikel;1019006;Brunnenkresse;
Einzelartikel;1019768;Büffelkäse;
Einzelartikel;1021533;Büffelkäse;
Einzelartikel;1021676;Alpkäse aus Jenaz;
Einzelartikel;1020622;Alpkäse aus Pany;
Einzelartikel;1022359;Bergkäse Cento per Cento aus San Carlo;
Einzelartikel;1021403;Bündner Bergpaket;
Einzelartikel;Direktversand_Archiv_Interne-Artikel_Bulk;;
Einzelartikel;1020728;Mandeln;
Einzelartikel;1003091;getrocknete Aprikosen;
Einzelartikel;1022336;;
Einzelartikel;1003290;Wilde Aprikosen;
Einzelartikel;1021989;;
Einzelartikel;1020761;Aprikosenkerne;
Einzelartikel;1004103;;
Einzelartikel;1005964;Aprikosenkerne nature;
Einzelartikel;1004111;Aprikosenkerne Tamari;
Einzelartikel;1004932;Baobab-Pulver;
Einzelartikel;1020695;;
Einzelartikel;1016790;Cashews;
Einzelartikel;1003714;Cashews;
Einzelartikel;1010531;Cashewsplitter;
Einzelartikel;1006184;;
Einzelartikel;1003713;Cashews nature;
Einzelartikel;1021858;;
Einzelartikel;1017564;Wilde Erdnüsse;
Einzelartikel;1022141;;
Einzelartikel;1003815;Granatapfelsamen;
Einzelartikel;1007301;Grüntee;
Einzelartikel;1021679;;
Einzelartikel;1022268;;
Einzelartikel;1022267;;
Einzelartikel;1021926;;
Einzelartikel;1021935;;
Einzelartikel;1021190;Kakaopulver;
Einzelartikel;1004951;Dörrkirschen;
Einzelartikel;1009315;Kokosblütenzucker;
Einzelartikel;1021534;;
Einzelartikel;1010325;Macadamia;
Einzelartikel;1021359;;
Einzelartikel;1019091;Mandeln;
Einzelartikel;1019060;Zerbrochene Mandeln;
Einzelartikel;1005303;Mandeln;
Einzelartikel;1021878;;
Einzelartikel;1003960;Maulbeeren;
Einzelartikel;1013432;Paranüsse;
Einzelartikel;1021809;;
Einzelartikel;1003814;Pekannüsse;
Einzelartikel;1021944;;
Einzelartikel;1021695;;
Einzelartikel;1003597;Physalis;
Einzelartikel;1021273;Pinienkerne;
Einzelartikel;1006782;Pistazien;
Einzelartikel;1021792;Pistazien;
Einzelartikel;1022266;;
Einzelartikel;1003604;Rohrohrzucker;
Einzelartikel;1021920;;
Einzelartikel;1003812;Rosinen;
Einzelartikel;1021455;;
Einzelartikel;1022128;;
Einzelartikel;1007302;Schwarztee;
Einzelartikel;1018320;Trockenfrüchte gehackt;
Einzelartikel;1007926;;
Einzelartikel;1008713;Vollrohrzucker;
Einzelartikel;1012131;Walnüsse;
Einzelartikel;1021743;;
Einzelartikel;1003396;;
Einzelartikel;1000202;Café RebelDía;
Einzelartikel;1000330;Café RebelDía;
Einzelartikel;1000085;Café RebelDía;
Einzelartikel;1011030;Cashewäpfel;
Einzelartikel;1016247;Cashewäpfel;
Einzelartikel;1020674;Cashewapfel;
Einzelartikel;1017128;Cashewapfel;
Einzelartikel;1022237;Cashewäpfel;
Einzelartikel;1019194;Cashew Apples / Catherine Kirchhoff;
Einzelartikel;Direktversand_Trockenprodukte_Nuesse_0_Cashewgeroestetgewuerzt;;
Einzelartikel;Direktversand_Trockenprodukte_Nuesse_0_Cashewnature;;
Einzelartikel;1004946;;
Einzelartikel;1020528;Cashews mit Chili;
Einzelartikel;1017671;Cashews mit Chili;
Einzelartikel;1020529;Cashews mit Curry;
Einzelartikel;1000945;Cashews mit Curry;
Einzelartikel;1019800;Cashews mit Curry;
Einzelartikel;1004948;Cashews mit Salz;
Einzelartikel;1006950;Cashews mit Salz;
Einzelartikel;1020530;Cashews mit Salz;
Einzelartikel;1000212;Cashews mit Salz;
Einzelartikel;1012139;Cashews mit Honig;
Einzelartikel;1020531;Cashews mit Honig;
Einzelartikel;1000948;Cashews mit Honig;
Einzelartikel;1003192;Cashews;
Einzelartikel;1019324;Cashews Promo SAC;
Einzelartikel;1021754;Cashews Probierpaket;
Einzelartikel;1022007;Cashews Probierpaket;
Einzelartikel;1020514;Cashews;
Einzelartikel;1021318;;
Einzelartikel;1019325;Zerbrochene Cashews;
Einzelartikel;1016763;Zerbrochene Cashews;
Einzelartikel;1019093;Cashews gemahlen;
Einzelartikel;1006513;Cashewsplitter;
Einzelartikel;1021052;Cashewsplitter;
Einzelartikel;1020532;Cashews mit Rosmarin;
Einzelartikel;1018335;Cashews mit Rosmarin;
Einzelartikel;1021686;Cashews mit Rosmarin;
Einzelartikel;1020533;Cashews mit Za'tar;
Einzelartikel;1000943;Cashews mit Za'tar;
Einzelartikel;1021941;Cashews mit Za'tar;
Einzelartikel;Direktversand_Trockenprodukte_Brotaufstriche_0_Cashewmus;;
Einzelartikel;1003998;Cashewmus;
Einzelartikel;1021929;Cashewset 'La Belle Usine';
Einzelartikel;1021932;Cashewset 'La Belle Usine';
Einzelartikel;1020127;Cassis;
Einzelartikel;1019160;Change of Reality / Olivia Descampe;
Einzelartikel;1016444;Chiasamen;
Einzelartikel;1022338;Chiasamen;
Einzelartikel;1020492;Weisse Chiasamen;
Einzelartikel;1021681;Cider alkoholfrei;
Einzelartikel;1021039;Cider;
Einzelartikel;1020641;Cider;
Einzelartikel;1021040;Cider;
Einzelartikel;1021682;Cider;
Einzelartikel;Direktversand_Trockenprodukte_Getraenke_Cidre;;
Einzelartikel;1018322;Cidre;
Einzelartikel;Direktversand_Frischprodukte_Fruechte_0_Clementinenfrisch;;
Einzelartikel;1009525;Clementinen Saisonangebot 2x8kg EU VORBESTELLUNG;
Einzelartikel;1009526;Clementinen;
Einzelartikel;1016564;Clementinen Saisonangebot bio 2x8kg EU VORBESTELLUNG;
Einzelartikel;1020604;Clementinen Saisonangebot;
Einzelartikel;1020603;Clementinen Saisonangebot;
Einzelartikel;1021690;Cocobohnen;
Einzelartikel;1020471;Complices Blancs Assemblage, Domaine Gérald Besse;
Einzelartikel;1020342;Complices Rouges Assemblage, Domaine Gérald Besse;
Einzelartikel;1020569;Complices Rouges Assemblage, Domaine Gérald Besse;
Einzelartikel;1021294;Condimento Bianco;
Einzelartikel;1022143;Condimento Bianco;
Einzelartikel;1020474;Couscous;
Einzelartikel;1021972;Couscous;
Einzelartikel;1022170;Cranberries;
Einzelartikel;1019972;Crémant d'Alsace, Domaine Moltès;
Einzelartikel;1019087;Crémant d'Alsace;
Einzelartikel;Direktversand_Trockenprodukte_Gewuerze_0_Curry;;
Einzelartikel;1001394;Curry;
Einzelartikel;1021263;Dattel-Walnuss Riegel;
Einzelartikel;Direktversand_Trockenprodukte_Trockenfruechte_0_Dattelnentsteint;;
Einzelartikel;1000334;Entsteinte Datteln;
Einzelartikel;1021737;Entsteinte Datteln;
Einzelartikel;1000128;Datteln entsteint;
Einzelartikel;1006774;Datteln entsteint;
Einzelartikel;1019197;Decori Astratti / George Sowden;
Einzelartikel;1007618;Degusetbeutel;
Einzelartikel;1003093;;
Einzelartikel;1020343;Degustationsset gemischt;
Einzelartikel;1017123;Degustationsset gemischt;
Einzelartikel;1014832;Degustationsset;
Einzelartikel;1015534;Degustationsset gemischt;
Einzelartikel;1017122;Degustationsset Nüsse;
Einzelartikel;1002685;Degustationsset Nüsse;
Einzelartikel;1020565;Degustationsset Nüsse;
Einzelartikel;1004961;Degustationsset Nüsse;
Einzelartikel;1003097;;
Einzelartikel;1003293;;
Einzelartikel;1003292;;
Einzelartikel;1017121;Degustationsset Trockenfrüchte;
Einzelartikel;1011345;Degustationsset Trockenfrüchte;
Einzelartikel;1004962;Degustationsset Trockenfrüchte;
Einzelartikel;1019156;Devil / Ilvio Gallo;
Einzelartikel;1019944;Die Intelligenz der Vielen / huber.huber;
Einzelartikel;1018596;Die verborgene Welt der Olive;
Einzelartikel;1000102;Dinkelpasta;
Einzelartikel;1018977;Dörrbohnen;
Einzelartikel;1002251;Cashews mit Curry;
Einzelartikel;1002253;Cashews mit Za'tar;
Einzelartikel;1002271;Mango Brooks;
Einzelartikel;1021250;Edamame;
Einzelartikel;1019108;Kalamata-Oliven;
Einzelartikel;1019109;Kalamata-Oliven mit Oregano;
Einzelartikel;1022269;Kalamata-Oliven mit Oregano;
Einzelartikel;1018976;Mittelreifer Schafskäse;
Einzelartikel;1021056;Schafskäse;
Einzelartikel;1017399;Einkaufsgutschein gebana CHF 30.-;
Einzelartikel;1004096;Einzahlugnsschein;
Einzelartikel;1022169;;
Einzelartikel;1020465;Erdbeeren;
Einzelartikel;1001743;Erdnüsse mit Salz;
Einzelartikel;1002689;Erdnüsse mit Salz;
Einzelartikel;1022367;Erdnüsse mit Salz;
Einzelartikel;1020631;Erdnüsse mit Salz;
Einzelartikel;Direktversand_Trockenprodukte_Nuesse_0_Erdnuessegeroestetgewuerzt;;
Einzelartikel;Direktversand_Trockenprodukte_Nuesse_0_Erdnuesseungeroestet;;
Einzelartikel;1020616;Wilde Erdnüsse;
Einzelartikel;1017565;Wilde Erdnüsse;
Einzelartikel;1022293;Erdnussmus;
Einzelartikel;1022135;Hausmischung Espresso;
Einzelartikel;1022137;Hausmischung Espresso;
Einzelartikel;1021875;Kaffeekapseln Espresso;
Einzelartikel;1021733;Hausmischung Espresso;
Einzelartikel;1021730;Hausmischung Espresso;
Einzelartikel;Direktversand_Trockenprodukte_OelEssig_0_Essig;;
Einzelartikel;1021416;Apfel- und Birnenessig;
Einzelartikel;1020574;Essig;
Einzelartikel;1021866;Essiggurken;
Einzelartikel;Direktversand_Trockenprodukte_Grundnahrungsmittel_0_Esskastanien;;
Einzelartikel;1018965;Esskastanien;
Einzelartikel;1000972;Esskastanien;
Einzelartikel;1019196;Estate / Nathalie Du Pasquier;
Einzelartikel;1021489;;
Einzelartikel;1019049;Exotische Fruchtmischung;
Einzelartikel;1000274;Exotische Fruchtmischung;
Einzelartikel;1000938;Exotische Fruchtmischung;
Einzelartikel;1017268;Olivenöl;
Einzelartikel;1017116;Olivenöl;
Einzelartikel;1015031;Olivenöl;
Einzelartikel;1015735;Olivenöl;
Einzelartikel;1017986;Olivenöl;
Einzelartikel;1017985;Olivenöl Ernte 2022/23;
Einzelartikel;1022016;Olivenöl Extra Vergine;
Einzelartikel;1015538;Olivenöl;
Einzelartikel;1006779;Olivenöl;
Einzelartikel;1020125;Extrahartkäse aus Feutersoey;
Einzelartikel;1021851;Schokoladen-Cashews;
Einzelartikel;1022189;Schokoladen-Cashews;
Einzelartikel;1019931;fairafric Zartbitter;
Einzelartikel;1020346;fairafric Zartbitter;
Einzelartikel;1020345;fairafric Zartbitter;
Einzelartikel;Direktversand_Trockenprodukte_Trockenfruechte_0_Feigen;;
Einzelartikel;1020563;Fendant Les Bans, Domaine Gérald Besse;
Einzelartikel;Direktversand_Frischprodukte_FischMeeresfruechte;;
Einzelartikel;Direktversand_Frischprodukte_Fleisch;;
Einzelartikel;1018494;Fleischpaket;
Einzelartikel;1021531;Flocken- und Kernotto-Paket;
Einzelartikel;1001760;Flockenmischung;
Einzelartikel;1019987;Flockenmischung;
Einzelartikel;1019153;Flowerer / Uwe Henneken;
Einzelartikel;1022215;Fondue moitié-moitié aus Echarlens;
Einzelartikel;1020696;Fonduemischung;
Einzelartikel;Direktversand_Trockenprodukte_Grundnahrungsmittel_Getreide_Fonio;;
Einzelartikel;1021964;Fonio;
Einzelartikel;1021939;Fonio;
Einzelartikel;1021677;Fonio;
Einzelartikel;1019997;Fonio;
Einzelartikel;1020029;Fonio 3kg;
Einzelartikel;1020123;Fonio;
Einzelartikel;1020124;Fonio;
Einzelartikel;1020732;Fonio;
Einzelartikel;1020665;Ananas;
Einzelartikel;1020671;Ananas;
Einzelartikel;1020669;Ananas;
Einzelartikel;1020673;Ananas;
Einzelartikel;1020667;Ananas;
Einzelartikel;1019792;Ananas;
Einzelartikel;1019791;Ananas;
Einzelartikel;1020664;Ananas;
Einzelartikel;1020670;Ananas;
Einzelartikel;1020668;Ananas;
Einzelartikel;1020672;Ananas;
Einzelartikel;1020666;Ananas;
Einzelartikel;1020028;Ananas;
Einzelartikel;1021814;;
Einzelartikel;1021813;Ananas;
Einzelartikel;1021348;Ananas;
Einzelartikel;1021354;Ananas;
Einzelartikel;1013130;Artischocken;
Einzelartikel;1006778;Artischocken;
Einzelartikel;1021753;Artischocken;
Einzelartikel;1021755;Artischocken;
Einzelartikel;1021899;Artischocken Agkinara Irion;
Einzelartikel;1022290;Artischocken Tema;
Einzelartikel;1020627;Avocados;
Einzelartikel;1020626;Avocados;
Einzelartikel;1021289;Avocados;
Einzelartikel;1021280;Avocados;
Einzelartikel;1021281;Avocados;
Einzelartikel;1022203;;
Einzelartikel;1021895;Avocados Fuerte;
Einzelartikel;1022201;;
Einzelartikel;1022230;Rote Bananen und Babybananen;
Einzelartikel;1021873;Rote Bananen und Babybananen;
Einzelartikel;1022231;Rote Bananen und Babybananen;
Einzelartikel;1021892;Rote Bananen und Babybananen;
Einzelartikel;1021841;Blutorangen;
Einzelartikel;1021842;Blutorangen;
Einzelartikel;1020128;Blutorangen;
Einzelartikel;1020129;Blutorangen;
Einzelartikel;1022325;Clementinen zum Abholen;
Einzelartikel;1016909;Clementinen;
Einzelartikel;1020607;Clementinen;
Einzelartikel;1017784;Clementinen Ortanique;
Einzelartikel;1017785;Clementinen Ortanique;
Einzelartikel;1009527;Granatäpfel Ermioni;
Einzelartikel;1020655;Granatäpfel Ermioni;
Einzelartikel;1020656;Granatäpfel Ermioni;
Einzelartikel;1006952;Granatäpfel Ermioni;
Einzelartikel;1021905;Granatäpfel Acco;
Einzelartikel;1022198;Granatäpfel Acco;
Einzelartikel;1012330;Grapefruits;
Einzelartikel;1008114;Grapefruits;
Einzelartikel;1021675;Grapefruits;
Einzelartikel;1009827;Grapefruits;
Einzelartikel;1021674;Grapefruits;
Einzelartikel;1021983;Grapefruits;
Einzelartikel;1009537;Kiwi;
Einzelartikel;1013831;Kiwi;
Einzelartikel;1021904;Kiwi Hayward;
Einzelartikel;1021501;Kochbananen;
Einzelartikel;1021502;Kochbananen;
Einzelartikel;1019316;Kokosnüsse;
Einzelartikel;1010026;Kokosnüsse;
Einzelartikel;1017282;Kokosnüsse;
Einzelartikel;1020027;Kokosnüsse;
Einzelartikel;1021780;Kokosnüsse;
Einzelartikel;1021781;Kokosnüsse;
Einzelartikel;1020713;Kokosnüsse;
Einzelartikel;1020714;Kokosnüsse;
Einzelartikel;1022021;Limetten;
Einzelartikel;1021862;Limetten;
Einzelartikel;1022005;Mandarinen Nadorcott;
Einzelartikel;1007613;Mangos;
Einzelartikel;1006003;Mangos;
Einzelartikel;1021672;Mangos;
Einzelartikel;1021693;Mangos;
Einzelartikel;1021692;Mangos;
Einzelartikel;1021843;Charentais-Melonen;
Einzelartikel;1020706;Orangen-Probierpaket;
Einzelartikel;1020705;Orangen-Probierpaket;
Einzelartikel;1020703;Orangen-Probierpaket;
Einzelartikel;1020704;Orangen-Probierpaket;
Einzelartikel;1020582;Orangen;
Einzelartikel;1020135;Orangen Probierpaket Bremen;
Einzelartikel;1021656;Orangen Probierpaket Freiburg;
Einzelartikel;1021951;Orangen Probierpaket Näfels;
Einzelartikel;1021950;Orangen Probierpaket Zürich;
Einzelartikel;1016566;Orangen Saisonangebot;
Einzelartikel;1020600;Orangen Saisonangebot;
Einzelartikel;1020601;Orangen Saisonangebot;
Einzelartikel;1021782;Passionsfrüchte;
Einzelartikel;1021783;Passionsfrüchte;
Einzelartikel;1019965;Persimonen;
Einzelartikel;1021183;Gelbe Pfirsiche;
Einzelartikel;1021184;Gelbe Pfirsiche;
Einzelartikel;1021181;Pfirsiche;
Einzelartikel;1021182;Pfirsiche;
Einzelartikel;1020522;Weisse Pfirsiche;
Einzelartikel;1020540;Weisse Pfirsiche;
Einzelartikel;1022199;Satsumas;
Einzelartikel;1020008;Sommerzitronen;
Einzelartikel;1020009;Sommerzitronen;
Einzelartikel;1016468;Weisse Trauben;
Einzelartikel;1017280;Weisse Trauben;
Einzelartikel;1021291;Rote Trauben;
Einzelartikel;1021290;Rote Trauben;
Einzelartikel;1012935;Baby-Wassermelonen;
Einzelartikel;1012934;Baby-Wassermelonen;
Einzelartikel;1022185;Wassermelonen;
Einzelartikel;1009825;Zitronen;
Einzelartikel;1020609;Zitronen;
Einzelartikel;1020711;Ingwer und Kurkuma;
Einzelartikel;1021393;Ingwer und Kurkuma;
Einzelartikel;1021394;Ingwer und Kurkuma;
Einzelartikel;1020712;Ingwer und Kurkuma;
Einzelartikel;1019135;Ingwer;
Einzelartikel;1019317;Ingwer;
Einzelartikel;1019644;Orangensaft;
Einzelartikel;1022004;Orangensaft;
Einzelartikel;1018327;Frischfleisch Mischpaket;
Einzelartikel;1018331;Frischfleisch Mischpaket;
Einzelartikel;1018328;Frischfleisch Mischpaket;
Einzelartikel;1018324;Frischfleisch Mischpaket;
Einzelartikel;1000233;Frischfleisch;
Einzelartikel;1019048;Frischfleischpaket;
Einzelartikel;1005299;Frischfleischpaket 10kg, Lieferung 21.05.21;
Einzelartikel;1005986;Frischfleischpaket 10kg, Lieferung 26.11.20;
Einzelartikel;1022220;Frischkäse aus Diemerswil;
Einzelartikel;1019974;Alternativen zu Frischkäse und Crème Fraîche;
Einzelartikel;Direktversand_Frischprodukte;;
Einzelartikel;1019178;Setzlinge für Fruchtgemüse;
Einzelartikel;Direktversand_Trockenprodukte_Mischungen_0_Fruchtmischungen;;
Einzelartikel;Direktversand_Frischprodukte_Fruechte;;
Einzelartikel;Direktversand_Frischprodukte_Fruechte_0_Fruechteweitere;;
Einzelartikel;1022208;Früchte im Abo;
Einzelartikel;1019446;Frühkartoffeln;
Einzelartikel;1019448;Frühkartoffeln;
Einzelartikel;1021691;Frühlingsgemüse;
Einzelartikel;1019797;Berner Alpkäse;
Einzelartikel;1019798;Gandlauener Alpkäse;
Einzelartikel;1000342;gebana Bestellliste Schweiz, deutsch;
Einzelartikel;1020648;gebana Bestellliste Schweiz, französisch;
Einzelartikel;1022184;;
Einzelartikel;1019973;Alternativen zu Joghurt und Crème Fraîche;
Einzelartikel;1015543;Gebrannte Mandeln;
Einzelartikel;1021049;Gebrannte Mandeln;
Einzelartikel;1009327;Gebrannte Mandeln;
Einzelartikel;1021880;Gebrannte Mandeln;
Einzelartikel;Direktversand_Frischprodukte_Fleisch_0_Gefluegel;;
Einzelartikel;1010025;Geisskäse;
Einzelartikel;1021922;Geisskäse Sufers;
Einzelartikel;1014931;Gemahlene Cashews;
Einzelartikel;1015533;Gemahlene Cashews;
Einzelartikel;Direktversand_Trockenprodukte_Getraenke_Saft_gemischteSaefte;;
Einzelartikel;Direktversand_Frischprodukte_Gemuese;;
Einzelartikel;Direktversand_Frischprodukte_Gemuese_0_Gemueseweiteres;;
Einzelartikel;1020596;Gemüseabo «Überfluss»;
Einzelartikel;1017273;Gemüseabo für Retter*innen;
Einzelartikel;1017276;Gemüseabo für Retter*innen;
Einzelartikel;1021985;Gemüse & Früchte im Abo;
Einzelartikel;1021884;"Gemüseabo ""Überfluss""";
Einzelartikel;Direktversand_Trockenprodukte_Grundnahrungsmittel_Getreide_Gerste;;
Einzelartikel;1020731;Geschälte Tomaten;
Einzelartikel;1021187;Geschälte Tomaten;
Einzelartikel;1007311;Geschenk-/Einkaufsgutschein Fr. 30.-;
Einzelartikel;1006314;Geschenk-/Einkaufsgutschein Fr. 80.-;
Einzelartikel;1021346;Geschenk-Gutschein;
Einzelartikel;1016231;Grosser Geschenkbeutel;
Einzelartikel;1002131;Grosser Geschenkbeutel;
Einzelartikel;1016232;Kleiner Geschenkbeutel;
Einzelartikel;1002130;Geschenkbeutel;
Einzelartikel;1021889;Geschenkset Graubünden;
Einzelartikel;1021390;Geschenkbox;
Einzelartikel;1021664;Geschenkbox;
Einzelartikel;1021887;Geschenkset Tessin;
Einzelartikel;1022275;Geschenkset Innerschweiz;
Einzelartikel;1022353;;
Einzelartikel;1000559;Geschenkgutschein CHF 10;
Einzelartikel;1000287;Geschenkgutschein CHF 100;
Einzelartikel;1022354;;
Einzelartikel;1000666;Geschenkgutschein CHF 20;
Einzelartikel;1000219;Geschenkgutschein CHF 200;
Einzelartikel;1022355;;
Einzelartikel;1000110;Geschenkgutschein CHF 50;
Einzelartikel;1018095;Geschenkgutschein CHF 500;
Einzelartikel;1021903;Geschenkset Afrika;
Einzelartikel;1021988;Geschenkset Afrika;
Einzelartikel;1021901;Geschenkset Palästina;
Einzelartikel;1022265;Geschenkset Palästina;
Einzelartikel;1021902;Geschenkset Revoluzzer;
Einzelartikel;1022001;Geschenkset Revoluzzer;
Einzelartikel;Direktversand_Trockenprodukte_Getraenke;;
Einzelartikel;Direktversand_Trockenprodukte_Grundnahrungsmittel_Getreide;;
Einzelartikel;Direktversand_Trockenprodukte_Mischungen_0_Flockenmischungen;;
Einzelartikel;1021530;Apfelschnitze;
Einzelartikel;Direktversand_Trockenprodukte_Gewuerze;;
Einzelartikel;1020687;Gewürzpaket Bhutan Blossoms - A2M;
Einzelartikel;1018354;Gitzi;
Einzelartikel;1019308;Glarner Alpkäse;
Einzelartikel;1021041;Glarner Alpkäse;
Einzelartikel;1019055;Glarner Alpkäse;
Einzelartikel;1021325;Alpkäse von der Alp Vorder Durnachtal;
Einzelartikel;1021872;Alpkäse von der Alp Vorder Durnachtal;
Einzelartikel;Direktversand_Frischprodukte_Fruechte_0_Granataepfelfrisch;;
Einzelartikel;1022329;Granatapfelsamen;
Einzelartikel;1002232;Granatapfelsamen;
Einzelartikel;1021974;Granola;
Einzelartikel;1022270;Granola;
Einzelartikel;Direktversand_Frischprodukte_Fruechte_0_Grapefruitsfrisch;;
Einzelartikel;1021746;Grillkäse aus Jenaz;
Einzelartikel;1020679;Grosses Mischpaket Bhutan Blossoms - A2M;
Einzelartikel;1020890;Grosses Mischpaket Communauts - A2M;
Einzelartikel;1020682;Grosses Risottopaket Bhutan Blossoms - A2M;
Einzelartikel;1018384;Grosses Setzlingpaket;
Einzelartikel;1018385;Grosses Setzlingspaket;
Einzelartikel;1007303;Grüntee;
Einzelartikel;Direktversand_Trockenprodukte_Grundnahrungsmittel;;
Einzelartikel;1021770;Gruyère aus Echarlens;
Einzelartikel;1018103;Presentkort SEK 1000;
Einzelartikel;1018101;Presentkort SEK 200;
Einzelartikel;1018104;Presentkort SEK 2000;
Einzelartikel;1018102;Presentkort SEK 500;
Einzelartikel;1018105;Presentkort SEK 5000;
Einzelartikel;1000910;Geschenkgutschein EUR 100;
Einzelartikel;1000908;Geschenkgutschein EUR 20;
Einzelartikel;1018091;Geschenkgutschein EUR 200;
Einzelartikel;1000909;Geschenkgutschein EUR 50;
Einzelartikel;1018092;Geschenkgutschein EUR 500;
Einzelartikel;1004097;Gutschein;
Einzelartikel;Direktversand_Non-Food_0_0_Gutscheine;;
Einzelartikel;1020653;Haferflocken;
Einzelartikel;1022299;;
Einzelartikel;1020675;Hanfsamen;
Einzelartikel;1021203;Hanfsamen;
Einzelartikel;1014448;Haselnüsse;
Einzelartikel;1019770;Haselnüsse;
Einzelartikel;1020639;Geschälte Haselnüsse;
Einzelartikel;1021453;Geschälte Haselnüsse;
Einzelartikel;1021198;Geschälte Haselnüsse;
Einzelartikel;1022289;Gehackte Haselnüsse;
Einzelartikel;1021347;Gemahlene Haselnüsse;
Einzelartikel;1021830;Gemahlene Haselnüsse;
Einzelartikel;1022346;Geschälte Haselnüsse;
Einzelartikel;1022347;Haselnüsse;
Einzelartikel;Direktversand_Trockenprodukte_Brotaufstriche_0_Haselnusscreme;;
Einzelartikel;1021850;Haselnusscreme mit Kakao;
Einzelartikel;1022172;Haselnusscreme mit Kakao;
Einzelartikel;1019333;Saft aus Haskapbeeren;
Einzelartikel;1021943;;
Einzelartikel;1021942;;
Einzelartikel;1021326;;
Einzelartikel;1021725;Herbstgemüse;
Einzelartikel;1021298;Herbstgemüse;
Einzelartikel;1000060;Hibiskustee;
Einzelartikel;1005989;Hirtenkäse;
Einzelartikel;1018336;Hochstamm-Getränkepaket;
Einzelartikel;Direktversand_Trockenprodukte_Grundnahrungsmittel_Reis_HomMali;;
Einzelartikel;Direktversand_Trockenprodukte_Brotaufstriche_0_Honig;;
Einzelartikel;1020699;Honig;
Einzelartikel;1021076;Honig;
Einzelartikel;1021757;Honig;
Einzelartikel;1021415;Honig;
Einzelartikel;1019155;Horizon / Chicco Margaroli;
Einzelartikel;1020907;Hülsenfrüchte-Paket;
Einzelartikel;1021337;;
Einzelartikel;1021411;;
Einzelartikel;1006183;Grosser Geschenkbeutel;
Einzelartikel;1019141;Il Dubbio / Barbara Brogi;
Einzelartikel;1021891;Bergkäse Il Jauer aus Müstair;
Einzelartikel;1021728;;
Einzelartikel;1022369;;
Einzelartikel;1022370;;
Einzelartikel;Direktversand_Frischprodukte_Gemuese_0_Ingwerfrisch;;
Einzelartikel;Direktversand_Frischprodukte_Gemuese_0_IngwerundKurkuma;;
Einzelartikel;1014232;Ingwer-Zitronen-Getränk;
Einzelartikel;1020527;Ingwer-Zitronen-Getränk;
Einzelartikel;1018971;Jackfrucht;
Einzelartikel;1020733;Jackfrucht;
Einzelartikel;1019059;Jackfrucht;
Einzelartikel;1020769;Jackfrucht;
Einzelartikel;Direktversand_Trockenprodukte_KonservenEingemachtes_0_Jackfruit;;
Einzelartikel;1022008;Joghurt, Milch und Butter;
Einzelartikel;1021701;Johannisbeeren;
Einzelartikel;Direktversand_Frischprodukte_Milchprodukte_0_Kaeseweitere;;
Einzelartikel;1021870;La Tourne, L'Aubier;
Einzelartikel;1022332;Käsepaket aus Vicosoprano;
Einzelartikel;1002677;Käsespezialitäten aus Tschlin;
Einzelartikel;1022002;Alternativen zu Parmesan und Mozzarella;
Einzelartikel;1021729;Käsepaket aus Montezillon;
Einzelartikel;Direktversand_Trockenprodukte_Getraenke_Kaffee;;
Einzelartikel;Direktversand_Trockenprodukte_Getraenke_Kaffee_Kaffeegebana;;
Einzelartikel;1022138;Hausmischung Crème;
Einzelartikel;1022139;Hausmischung Crème;
Einzelartikel;1021874;Kaffeekapseln Crème;
Einzelartikel;1021731;Hausmischung Crème;
Einzelartikel;1021732;Hausmischung Crème;
Einzelartikel;1021042;Hausmischung Honey;
Einzelartikel;1021662;Hausmischung Honey;
Einzelartikel;1021043;Hausmischung Honey;
Einzelartikel;1021661;Hausmischung Honey;
Einzelartikel;1020236;Honey Processed;
Einzelartikel;1021734;Honey Processed;
Einzelartikel;1021044;Isule Pure;
Einzelartikel;1021659;Isule Pure;
Einzelartikel;1021045;Suedhang Mr. Toi;
Einzelartikel;1021658;Suedhang Mr. Toi;
Einzelartikel;1004000;Kaffeesack;
Einzelartikel;1021978;Kakaonibs;
Einzelartikel;1022342;Kakaonibs;
Einzelartikel;1019052;Kakaopulver;
Einzelartikel;1020691;Kakaopulver;
Einzelartikel;1021189;Kakaopulver;
Einzelartikel;1022192;Kakaopulver;
Einzelartikel;1021934;Kakaopulver;
Einzelartikel;1018592;Kalamata-Oliven im Kunststofffässli;
Einzelartikel;1019164;Kamlanie / Marcovinicio;
Einzelartikel;1022327;Bunte Kartoffeln aus Farnern;
Einzelartikel;Direktversand_Frischprodukte_Gemuese_0_Kartoffeln;;
Einzelartikel;1020632;Kartoffeln Spezialsorten;
Einzelartikel;1021035;Kartoffeln;
Einzelartikel;1021762;Bunte Kartoffeln aus Eggenwil;
Einzelartikel;1021680;Kefen Hof Rauspfeife;
Einzelartikel;1022334;Kernenmix;
Einzelartikel;1020473;Kichererbsen;
Einzelartikel;1020580;Kichererbsen;
Einzelartikel;1020593;;
Einzelartikel;1020594;;
Einzelartikel;1020595;;
Einzelartikel;1020618;Kimchi und Randen;
Einzelartikel;1021865;Kimchi;
Einzelartikel;Direktversand_Frischprodukte_Fruechte_0_Kirschenfrisch;;
Einzelartikel;1020482;Dörrkirschen;
Einzelartikel;1020354;Dörrkirschen;
Einzelartikel;1018500;Kirschen- und Zwetschgen-Gin;
Einzelartikel;1005388;Dörrkirschen;
Einzelartikel;1014233;Dörrkirschen;
Einzelartikel;1018990;Kirschsaft;
Einzelartikel;Direktversand_Frischprodukte_Fruechte_0_Kiwifrisch;;
Einzelartikel;1018351;Destillatpaket;
Einzelartikel;1020683;Kleines Mischpaket Bhutan Blossoms - A2M;
Einzelartikel;1020892;Kleines Mischpaket Communauts - A2M;
Einzelartikel;1020684;Kleines Risottopaket Bhutan Blossoms - A2M;
Einzelartikel;1020558;Kohl Mischpaket;
Einzelartikel;Direktversand_Trockenprodukte_Grundnahrungsmittel_Zucker_Kokosbluetenzucker;;
Einzelartikel;1021649;Kokosblütenzucker;
Einzelartikel;1009329;Kokosblütenzucker;
Einzelartikel;Direktversand_Trockenprodukte_KonservenEingemachtes_0_Kokosmilch;;
Einzelartikel;Direktversand_Frischprodukte_Fruechte_0_Kokosnuessefrisch;;
Einzelartikel;1021696;Kokosnuss;
Einzelartikel;1019949;;
Einzelartikel;1014732;Kokosnuss;
Einzelartikel;1021651;Kokosnuss;
Einzelartikel;1000769;Kokosnuss;
Einzelartikel;1014440;Kokosöl;
Einzelartikel;1016337;Kokosnussöl;
Einzelartikel;1021507;;
Einzelartikel;1022221;Konfitüren;
Einzelartikel;1022321;;
Einzelartikel;1022312;;
Einzelartikel;Direktversand_Trockenprodukte_KonservenEingemachtes;;
Einzelartikel;Direktversand_Trockenprodukte_Gewuerze_0_Kraeuter;;
Einzelartikel;1019179;Setzlinge für Kräuter;
Einzelartikel;1019180;Setzlinge für Kräuter;
Einzelartikel;1019649;Kräuterseitlinge;
Einzelartikel;1020536;Kräutertee mit Edelweiss;
Einzelartikel;1020537;Kräutertee mit Orangenminze;
Einzelartikel;1022271;Kräutertee mit Zitronenmelisse;
Einzelartikel;1020538;Kräutertee mit Zitronenmelisse;
Einzelartikel;Direktversand_Frischprodukte_Gemuese_0_Kuerbisfrisch;;
Einzelartikel;1021528;;
Einzelartikel;1021529;;
Einzelartikel;1019793;Kürbis;
Einzelartikel;1020567;Kürbis;
Einzelartikel;1020577;Kürbis;
Einzelartikel;1020611;Kuhfleisch;
Einzelartikel;Direktversand_Frischprodukte_FischMeeresfruechte_0_Lachs;;
Einzelartikel;1019079;Lachs geräuchert;
Einzelartikel;1022276;Räucherlachs;
Einzelartikel;1019078;Lachs graved;
Einzelartikel;1019932;Laflor Farina Bona;
Einzelartikel;1020908;Laflor Farina Bona AKTION;
Einzelartikel;Direktversand_Frischprodukte_Fleisch_0_Lammfleisch;;
Einzelartikel;1020023;Lammfleisch;
Einzelartikel;1020025;Lammfleisch;
Einzelartikel;1020130;Lammfleisch;
Einzelartikel;1020024;Lammfleisch;
Einzelartikel;1020026;Lammfleisch;
Einzelartikel;1020131;Lammfleisch;
Einzelartikel;1021357;Landmais;
Einzelartikel;1019311;Landmais;
Einzelartikel;Direktversand_Trockenprodukte_Grundnahrungsmittel_Reis_Langkorn;;
Einzelartikel;1021756;Lauch;
Einzelartikel;1019191;Le Morget Sélection 2022, Henri Cruchon;
Einzelartikel;1019759;Fleisch von Legehennen;
Einzelartikel;1022333;Leinsamen;
Einzelartikel;1019163;Life Guard / Lucy&Jorge Orta;
Einzelartikel;1019165;Like-Minded / Maryam Lamei;
Einzelartikel;1021247;Linsenpaket;
Einzelartikel;1020472;Braune Linsen;
Einzelartikel;1021888;Braune Linsen;
Einzelartikel;1021818;Pflanzliche Nuggets;
Einzelartikel;Direktversand_Trockenprodukte_Nuesse_0_Macadamiageroestetgewuerzt;;
Einzelartikel;Direktversand_Trockenprodukte_Nuesse_0_Macadamianature;;
Einzelartikel;Direktversand_Trockenprodukte_Brotaufstriche_0_Macadamiamus;;
Einzelartikel;1017010;Macadamiamus;
Einzelartikel;1020553;Macadamiamus;
Einzelartikel;1021969;Macadamiamus, 2. Qualität;
Einzelartikel;1017448;Macadamiamus;
Einzelartikel;1019116;Macadamia mit Salz;
Einzelartikel;1018106;Macadamia mit Salz;
Einzelartikel;1002690;;
Einzelartikel;1006040;Macadamia;
Einzelartikel;1016234;Macadamia;
Einzelartikel;1020887;Maischips;
Einzelartikel;1019107;Majoran;
Einzelartikel;Direktversand_Frischprodukte_Fruechte_0_Mandarinenfrisch;;
Einzelartikel;Direktversand_Trockenprodukte_Brotaufstriche_0_Mandelmus;;
Einzelartikel;1020004;Mandelmus;
Einzelartikel;1021047;Mandelmus;
Einzelartikel;1021360;Geschälte Mandeln;
Einzelartikel;1021831;Geschälte Mandeln;
Einzelartikel;1015544;Zerbrochene Mandeln;
Einzelartikel;1021443;Zerbrochene Mandeln;
Einzelartikel;1021956;Mandeln mit Chili;
Einzelartikel;1021883;Mandeln mit Chili;
Einzelartikel;Direktversand_Trockenprodukte_Nuesse_0_Mandelngeroestetgewuerzt;;
Einzelartikel;1018939;Mandeln mit Salz;
Einzelartikel;1009313;Mandeln mit Salz;
Einzelartikel;1021761;Mandeln mit Salz;
Einzelartikel;1021406;Mandeln mit Salz;
Einzelartikel;1019948;Mandeln mit Salz;
Einzelartikel;1017569;Mandeln mit Salz;
Einzelartikel;Direktversand_Trockenprodukte_Nuesse_0_Mandelnnature;;
Einzelartikel;1021957;Mandeln mit Rosmarin;
Einzelartikel;1021882;Mandeln mit Rosmarin;
Einzelartikel;1004099;Mandeln Mazzetto;
Einzelartikel;1007080;Mandeln Mazzetto;
Einzelartikel;1017410;Mandeln Mazzetto;
Einzelartikel;1019310;Mandeln;
Einzelartikel;1022331;Bergmandeln aus Wildsammlung;
Einzelartikel;1021879;Mandeln;
Einzelartikel;Direktversand_Trockenprodukte_Trockenfruechte_0_Mango;;
Einzelartikel;Direktversand_Frischprodukte_Fruechte_0_Mangofrisch;;
Einzelartikel;1009213;Mango Amélie;
Einzelartikel;1021255;Mango Amélie;
Einzelartikel;1022000;Mango Amélie;
Einzelartikel;1020552;Mango Amélie;
Einzelartikel;1018631;Mango Amélie;
Einzelartikel;1018983;Mango Probierpaket;
Einzelartikel;1021193;Mango Brooks;
Einzelartikel;1021253;Mango Brooks;
Einzelartikel;1021077;Mango Brooks;
Einzelartikel;1017450;Mango Brooks;
Einzelartikel;1020614;Mango Lippens;
Einzelartikel;1021194;Mango Lippens;
Einzelartikel;1021254;Mango Lippens;
Einzelartikel;1022343;Mango Lippens;
Einzelartikel;1021078;Mango Lippens;
Einzelartikel;1020551;Mango Lippens;
Einzelartikel;1017452;Mango Lippens;
Einzelartikel;1021264;Mango-Paranuss Riegel;
Einzelartikel;1021924;Mangos;
Einzelartikel;1007615;Mangos;
Einzelartikel;1007614;Mangos;
Einzelartikel;irgendeinCode11121;someTest neu de_CH test neu;
Einzelartikel;1003995;Maulbeeren;
Einzelartikel;1007316;Maulbeeren 1kg;
Einzelartikel;1020513;Maulbeeren;
Einzelartikel;1021292;Maulbeeren;
Einzelartikel;1020517;Maulbeeren;
Einzelartikel;Direktversand_Trockenprodukte_Grundnahrungsmittel_MehlP;;
Einzelartikel;1019171;Mehr Licht / Franco Rasma;
Einzelartikel;1020484;Mélangé Clairet, Bodegas Recuero;
Einzelartikel;1019190;Mélodine 2022, Weingut Henri Cruchon;
Einzelartikel;Direktversand_Frischprodukte_Fruechte_0_Melonenfrisch;;
Einzelartikel;Direktversand_Frischprodukte_Milchprodukte;;
Einzelartikel;1019943;Mineral Life / Vanessa Billy;
Einzelartikel;1021764;Mirabellen;
Einzelartikel;1020910;Mischpaket gross ZIMLAM Moringa - A2M;
Einzelartikel;1020911;Mischpaket klein ZIMLAM Moringa - A2M;
Einzelartikel;1021439;Grosses Mischpaket Bhutan Network (3x Pilze, 3x Pulver) - A2M;
Einzelartikel;1021438;Mittleres Mischpaket Bhutan Network (2x Pilze, 2x Pulver) - A2M;
Einzelartikel;1021436;Kleines Mischpaket Bhutan Network (1x Pilze, 1x Pulver) - A2M;
Einzelartikel;1020721;A2M Mischpaket Tuhka Paranüsse;
Einzelartikel;1022152;Käsespezialitäten aus Müstair;
Einzelartikel;Direktversand_Trockenprodukte_Mischungen;;
Einzelartikel;1019154;Mishiti / Silvia Sarsano;
Einzelartikel;1019080;Miso_Shoyu_CH_DasPure_OKT;
Einzelartikel;1021967;Miso, Shoyu und Garum;
Einzelartikel;1019056;Miso;
Einzelartikel;1020891;Mittleres Mischpaket Communauts - A2M;
Einzelartikel;1022368;Mischbox Zitrusfrüchte und Avocados;
Einzelartikel;1020915;Moringaöl x2 ZIMLAM - A2M;
Einzelartikel;1020914;Moringaöl x5 ZIMLAM - A2M;
Einzelartikel;1020913;Moringapulver x2 ZIMLAM - A2M;
Einzelartikel;1020912;Moringapulver x5 ZIMLAM - A2M;
Einzelartikel;1020919;Moringaseife x3 ZIMLAM - A2M;
Einzelartikel;1020918;Moringaseife x6 ZIMLAM - A2M;
Einzelartikel;1020917;Moringatee x3 ZIMLAM - A2M;
Einzelartikel;1020916;Moringatee x6 ZIMLAM - A2M;
Einzelartikel;Direktversand_Trockenprodukte_Mischungen_0_Mueesli;;
Einzelartikel;1019086;Weinpaket, Weingut Stoll;
Einzelartikel;1019940;Nandi / Hector Lopez;
Einzelartikel;1015338;NEUSTART BURKINA FASO, 1000kg Cashew Nüsse, Lieferung 2022;
Einzelartikel;1015337;NEUSTART BURKINA FASO, 100kg Cashew Nüsse, Lieferung 2022;
Einzelartikel;1015335;NEUSTART BURKINA FASO, 1kg Cashew Nüsse, Lieferung 2022;
Einzelartikel;1015339;NEUSTART BURKINA FASO, 1kg Mango & 1kg Cashew, Lief. 2022;
Einzelartikel;1015331;NEUSTART BURKINA FASO, 1kg Mango getrocknet, Lieferung 2022;
Einzelartikel;1015332;NEUSTART BURKINA FASO, 2kg Mango getrocknet, Lieferung 2022;
Einzelartikel;1015336;NEUSTART BURKINA FASO, 3kg Cashew Nüsse, Lieferung 2022;
Einzelartikel;1015334;NEUSTART BURKINA FASO, 500kg Mango getrocknet, Lief. 2022;
Einzelartikel;1015333;NEUSTART BURKINA FASO, 50kg Mango getrocknet, Lieferung 2022;
Einzelartikel;1015340;NEUSTART BURKINA FASO, Reise 2022, all inclusive;
Einzelartikel;1019172;Night / Dione Roach;
Einzelartikel;Direktversand_Non-Food_0_0_Non-FoodWeiteres;;
Einzelartikel;1019168;Nourish Yourself / Chantal Kirch;
Einzelartikel;Direktversand_Trockenprodukte_Nuesse;;
Einzelartikel;1020238;Nüsslisalat;
Einzelartikel;1019960;Nunca, Bodegas Recuero;
Einzelartikel;1009314;Nuss-Frucht-Müesli;
Einzelartikel;1014631;Nuss-Frucht-Müesli;
Einzelartikel;1016464;Gesalzene Nussmischung;
Einzelartikel;1019924;Gesalzene Nussmischung;
Einzelartikel;1022017;Nussmischung nature;
Einzelartikel;1022256;Nussmischung nature;
Einzelartikel;Direktversand_Trockenprodukte_OelEssig;;
Einzelartikel;Direktversand_Trockenprodukte_KonservenEingemachtes_0_Oliven;;
Einzelartikel;Direktversand_Trockenprodukte_OelEssig_0_OlivenoelPalaestina;;
Einzelartikel;Direktversand_Trockenprodukte_OelEssig_0_OlivenoelSoladiro;;
Einzelartikel;1020539;Olivenöl;
Einzelartikel;1022374;;
Einzelartikel;Direktversand_Trockenprodukte_OelEssig_0_Olivenoeleweitere;;
Einzelartikel;1021722;Olivenpaste;
Einzelartikel;1018593;Olivenpaste;
Einzelartikel;Direktversand_Trockenprodukte_KonservenEingemachtes_0_OlivenpastenundTapenaden;;
Einzelartikel;Direktversand_Frischprodukte_Fruechte_0_Orangenfrisch;;
Einzelartikel;Direktversand_Trockenprodukte_Getraenke_Saft_Orangensaft;;
Einzelartikel;1021265;Orangensaft;
Einzelartikel;1019104;Oregano;
Einzelartikel;1019935;Original Beans Piura;
Einzelartikel;1020895;Original Beans Piura;
Einzelartikel;1019169;Outside the Walls / Saba Najafi;
Einzelartikel;Direktversand_Frischprodukte_Fruechte_0_Papayafrisch;;
Einzelartikel;1021963;Papaya;
Einzelartikel;1016910;Papaya;
Einzelartikel;1006080;Papaya;
Einzelartikel;1022255;Papaya;
Einzelartikel;1001873;Papaya;
Einzelartikel;1016031;Papierbeutel;
Einzelartikel;1022357;;
Einzelartikel;1001880;Paranüsse;
Einzelartikel;1021810;Paranüsse;
Einzelartikel;1018734;Paranüsse;
Einzelartikel;1021687;Paranüsse;
Einzelartikel;1020578;Paranüsse;
Einzelartikel;Direktversand_Trockenprodukte_Grundnahrungsmittel_Teigwaren_PastaGranAlpin;;
Einzelartikel;Direktversand_Trockenprodukte_Grundnahrungsmittel_Teigwaren_PastaLiberaTerra;;
Einzelartikel;1020550;Fusilli Rustici;
Einzelartikel;1003913;Pekannüsse;
Einzelartikel;1006293;Pekannüsse;
Einzelartikel;1021968;Pekannüsse;
Einzelartikel;Direktversand_Frischprodukte_Gemuese_0_Peperonifrisch;;
Einzelartikel;Direktversand_Frischprodukte_Fruechte_0_Persimonenfrisch;;
Einzelartikel;Direktversand_Trockenprodukte_Gewuerze_0_Pfeffer;;
Einzelartikel;1000389;Schwarze Pfefferkörner;
Einzelartikel;1001881;Pflaumen;
Einzelartikel;1006951;Pflaumen;
Einzelartikel;1005392;Pflaumen;
Einzelartikel;1000767;Physalis;
Einzelartikel;1006515;Physalis;
Einzelartikel;1020240;Piaz Merlot, Azienda Agricola Bianchi;
Einzelartikel;1021433;Grosses Pilzpaket Bhutan Network (3x Pilze) - A2M;
Einzelartikel;1021432;Mittleres Pilzpaket Bhutan Network (2x Pilze) - A2M;
Einzelartikel;1021424;Kleines Pilzpaket Bhutan Network (1x Pilze) - A2M;
Einzelartikel;1022362;Pinienkerne;
Einzelartikel;1021710;Pinienkerne;
Einzelartikel;1022337;Pinienkerne;
Einzelartikel;1021274;Pinienkerne;
Einzelartikel;1021283;Pinot Noir Classic AOC, Weinbau Pelizzatti;
Einzelartikel;1019085;Pinot Noir 2019, Weingut Stoll;
Einzelartikel;Direktversand_Trockenprodukte_Nuesse_0_Pistaziengeroestetgewuerzt;;
Einzelartikel;1021718;Pistazien;
Einzelartikel;1021791;Pistazien;
Einzelartikel;1015833;Pistazien;
Einzelartikel;1000045;Pizzoccheri;
Einzelartikel;1019188;Plant Robez von Blaise Duboux;
Einzelartikel;1021794;Geschälte, gehackte Tomaten;
Einzelartikel;1019151;Pro/Creation / Mirjam Blanka Inauen;
Einzelartikel;1019971;Prosecco DOC Spumante NV Domini Del Leone Bio;
Einzelartikel;1016456;Rote Quinoa;
Einzelartikel;1016134;Rote Quinoa;
Einzelartikel;1016445;Weisse Quinoa;
Einzelartikel;1021671;Weisses Quinoa;
Einzelartikel;1022297;Weisse Quinoa;
Einzelartikel;1019814;Quitten;
Einzelartikel;1016768;Quittenmost;
Einzelartikel;1020575;Raclettekäse;
Einzelartikel;1020772;Radicchio;
Einzelartikel;1020760;Radicchio;
Einzelartikel;1021726;Bunte Randen;
Einzelartikel;1019758;Randen;
Einzelartikel;1021917;Randensaft mit Äpfeln;
Einzelartikel;1020692;Randensaft mit Äpfeln;
Einzelartikel;1022211;Rapsöl;
Einzelartikel;1021048;Rauchmandeln mit Salz;
Einzelartikel;1019801;Rauchmandeln mit Salz;
Einzelartikel;1021703;Rauchmandeln mit Salz;
Einzelartikel;1004500;Rauchmandeln mit Salz;
Einzelartikel;Direktversand_Trockenprodukte_Grundnahrungsmittel_Reis;;
Einzelartikel;1020010;Weisser Jasminreis;
Einzelartikel;1019963;Renata Fonte, Hisotelaray;
Einzelartikel;1020478;Austernseitlinge;
Einzelartikel;1019762;Kartoffeln;
Einzelartikel;Direktversand_Frischprodukte_Fruechte_0_Rhabarbernfrisch;;
Einzelartikel;Direktversand_Trockenprodukte_Snacks_0_Riegel;;
Einzelartikel;1021766;Ananas-Cashew-Riegel;
Einzelartikel;1004242;Ananas-Cashew-Riegel;
Einzelartikel;1019766;Ananas-Cashew-Riegel;
Einzelartikel;1019339;Ananas-Cashew-Riegel;
Einzelartikel;1021295;Aprikosen-Mandeln Riegel;
Einzelartikel;1019763;Aprikosen-Mandeln-Riegel;
Einzelartikel;1020617;Aprikosen-Mandeln-Riegel;
Einzelartikel;1000554;Aprikosen-Rosinen-Riegel;
Einzelartikel;1019337;Aprikosen-Rosinen-Riegel;
Einzelartikel;1019765;Dattel-Walnuss-Riegel;
Einzelartikel;1001772;Dattel-Walnuss-Riegel;
Einzelartikel;1019764;Mango-Paranuss-Riegel;
Einzelartikel;1012138;Mango-Paranuss-Riegel;
Einzelartikel;1000556;Mango-Paranuss-Riegel;
Einzelartikel;1004285;Riegelset, 5 Stück AKTION;
Einzelartikel;1020762;Riegelset;
Einzelartikel;1016132;Riegelset;
Einzelartikel;1022298;Riegelset;
Einzelartikel;1015733;Riegelset;
Einzelartikel;Direktversand_Frischprodukte_Fleisch_0_Rindfleisch;;
Einzelartikel;1019970;Rindfleisch und Alpkäse;
Einzelartikel;1019930;Rindfleisch;
Einzelartikel;1019956;Angusrind;
Einzelartikel;Direktversand_Trockenprodukte_Grundnahrungsmittel_Reis_Risotto;;
Einzelartikel;1021336;Risottoreis;
Einzelartikel;1020657;Risottoreis;
Einzelartikel;Direktversand_Frischprodukte_Fruechte_0_Rispendatteln;;
Einzelartikel;1020755;Rispendatteln;
Einzelartikel;1020756;Rispendatteln;
Einzelartikel;1020491;Rispendatteln;
Einzelartikel;1017423;Rispendatteln;
Einzelartikel;1020753;Rispendatteln;
Einzelartikel;1020754;Rispendatteln;
Einzelartikel;1020643;Risotto aus Urkörnern;
Einzelartikel;1019979;Roggenmehl, dunkel;
Einzelartikel;1020690;Roggenmehl, dunkel;
Einzelartikel;1000103;Roggennudeln;
Einzelartikel;1019988;;
Einzelartikel;1019989;;
Einzelartikel;1021074;;
Einzelartikel;1019799;;
Einzelartikel;1018972;;
Einzelartikel;1019767;Rohkaffee;
Einzelartikel;1000874;;
Einzelartikel;1017120;;
Einzelartikel;1000266;Rohkaffee;
Einzelartikel;Direktversand_Trockenprodukte_Grundnahrungsmittel_Zucker_Rohrohrzucker;;
Einzelartikel;1001759;Rollgerste;
Einzelartikel;1020619;Rotkraut und Rosenkohl;
Einzelartikel;1021524;Terra Sigillata Añada, Bodegas Recuero;
Einzelartikel;1022250;Rosinen;
Einzelartikel;1022330;Rosinen Bukhara;
Einzelartikel;1019106;Rosmarin;
Einzelartikel;Direktversand_Trockenprodukte_Getraenke_Wein_Rotwein;;
Einzelartikel;1021248;Nero Cuvée AOC, Weingut Stoll;
Einzelartikel;1020467;Blauer Zweigelt, Weingut Soellner;
Einzelartikel;1021306;Safran;
Einzelartikel;Direktversand_Trockenprodukte_Getraenke_Saft;;
Einzelartikel;1019177;Setzlinge für Salat und Kohl;
Einzelartikel;1019176;Setzlinge für Salat und Kohl;
Einzelartikel;1020243;Setzlinge für Salat und Kohl;
Einzelartikel;1020242;Setzlinge für Salat und Kohl;
Einzelartikel;Direktversand_Frischprodukte_Gemuese_0_SalatundKohl;;
Einzelartikel;1021508;;
Einzelartikel;1019929;Raclettekäse aus Schafsmilch;
Einzelartikel;1022361;Raclettekäse aus Schafsmilch;
Einzelartikel;Direktversand_Frischprodukte_Milchprodukte_0_Schafskaese;;
Einzelartikel;1018989;Schafskäse;
Einzelartikel;1022124;Schafskäse aus Jenaz;
Einzelartikel;1021938;Schafskäse aus Jenaz;
Einzelartikel;1021952;Schafskäse;
Einzelartikel;Direktversand_Trockenprodukte_Getraenke_Wein_Schaumwein;;
Einzelartikel;1020466;Marie Pétillante, Weingut Soellner;
Einzelartikel;1021071;Schöki Mandeln und Meersalz;
Einzelartikel;1021797;Schöki Mandeln und Meersalz;
Einzelartikel;1019934;Schöki Haselnuss;
Einzelartikel;1021685;Schöki Haselnuss;
Einzelartikel;1021266;Schöki Haselnuss;
Einzelartikel;1021267;Schöki Karamell und Meersalz;
Einzelartikel;1021268;Schöki Mandeln und Meersalz;
Einzelartikel;1021955;;
Einzelartikel;1021765;Schöki Milch;
Einzelartikel;1021940;Schöki Milch;
Einzelartikel;1021068;Schöki Karamell und Meersalz;
Einzelartikel;1021796;Schöki Karamell und Meersalz;
Einzelartikel;1021235;The Angry Gorilla Milch;
Einzelartikel;1021719;The Angry Gorilla Milch;
Einzelartikel;1021237;The Angry Gorilla zartbitter;
Einzelartikel;1021720;The Angry Gorilla zartbitter;
Einzelartikel;1021667;The Angry Gorilla Milch;
Einzelartikel;1020782;Angry Gorilla;
Einzelartikel;1020926;The Angry Gorilla Milch;
Einzelartikel;1021668;The Angry Gorilla zartbitter;
Einzelartikel;1020784;Angry Gorilla;
Einzelartikel;1020927;The Angry Gorilla zartbitter;
Einzelartikel;Direktversand_Trockenprodukte_Snacks_0_SchokoladeChobaChoba;;
Einzelartikel;Direktversand_Trockenprodukte_Snacks_0_Schokoladeclaro;;
Einzelartikel;Direktversand_Trockenprodukte_Snacks_0_Schokoladefairafric;;
Einzelartikel;Direktversand_Trockenprodukte_Snacks_0_SchokoladegebanaTogo;;
Einzelartikel;Direktversand_Trockenprodukte_Snacks_0_Schokoladelaflor;;
Einzelartikel;Direktversand_Trockenprodukte_Snacks_0_Schokoladeoriginalbeans;;
Einzelartikel;Direktversand_Trockenprodukte_Snacks_0_SchokoladeSchoeki;;
Einzelartikel;1021707;;
Einzelartikel;1021923;;
Einzelartikel;1019933;Choba Choba Oswaldo;
Einzelartikel;1021293;Choba Choba Oswaldo;
Einzelartikel;1021947;fairafric Caramel & Fleur de Sel;
Einzelartikel;1022175;;
Einzelartikel;1022258;fairafric Caramel & Fleur de Sel;
Einzelartikel;1021385;fairafric Cashewcreme;
Einzelartikel;1021856;fairafric Cashewcreme;
Einzelartikel;1021485;;
Einzelartikel;1021946;fairafric Haselnuss;
Einzelartikel;1022188;fairafric Haselnuss;
Einzelartikel;1019130;fairafric Extra Kakao;
Einzelartikel;1019773;fairafric Extra Kakao;
Einzelartikel;1022176;;
Einzelartikel;1019125;fairafric Herb;
Einzelartikel;1021082;fairafric herb;
Einzelartikel;1019123;fairafric Kakaosplitter;
Einzelartikel;1021333;fairafric Kakaosplitter;
Einzelartikel;1019124;fairafric Mild;
Einzelartikel;1021241;fairafric mild;
Einzelartikel;1015041;fairafric Seidigsanft;
Einzelartikel;1022146;Milchschokolade;
Einzelartikel;1022023;Zartbitter-Schokolade;
Einzelartikel;1005854;Claro Mascao Blanc;
Einzelartikel;1005853;Claro Mascao Blanc;
Einzelartikel;1020724;Claro Mascao Coco;
Einzelartikel;1020726;Claro Mascao Coco;
Einzelartikel;1012331;Claro Mascao Coco;
Einzelartikel;1020615;Claro Mascao Coco;
Einzelartikel;1020725;Claro Mascao Coco;
Einzelartikel;1012332;Claro Mascao Coco;
Einzelartikel;1005848;Claro Mascao Éclats;
Einzelartikel;1005847;Claro Mascao Éclats;
Einzelartikel;1005846;Mascao Noir;
Einzelartikel;1005845;Claro Mascao Noir;
Einzelartikel;1020747;Claro Mascao Noir Orange;
Einzelartikel;1020749;Claro Mascao Noir Orange;
Einzelartikel;1005851;Claro Mascao Noir Orange;
Einzelartikel;1021395;Claro Mascao Noir Orange;
Einzelartikel;1020748;Claro Mascao Noir Orange;
Einzelartikel;1005850;Claro Mascao Noir Orange;
Einzelartikel;1012334;Schokolade Nectar de Coco Chia Vegan;
Einzelartikel;1021768;Chocolat Togo Herb;
Einzelartikel;1022277;Chocolat Togo Herb;
Einzelartikel;1021767;Chocolat Togo Mild;
Einzelartikel;1022257;Chocolat Togo Mild;
Einzelartikel;1004511;Milchschokolade;
Einzelartikel;1005859;Milchschokolade;
Einzelartikel;1004510;Zartbitter-Schokolade;
Einzelartikel;1021271;fairafric Extra Kakao;
Einzelartikel;1021272;fairafric Herb;
Einzelartikel;1021270;fairafric Kakaosplitter;
Einzelartikel;1021269;fairafric Mild;
Einzelartikel;1018969;Schokoladen-Ananas;
Einzelartikel;1020897;Schokoladen-Ananas;
Einzelartikel;1016905;Schokoladen-Erdnüsse;
Einzelartikel;1022129;Schokoladen-Macadamia;
Einzelartikel;1018968;Schokoladen-Mangos;
Einzelartikel;1020896;Schokoladen-Mangos;
Einzelartikel;1018970;Schokoladen-Physalis;
Einzelartikel;1020893;Schokoladen-Physalis;
Einzelartikel;1007304;Schwarztee;
Einzelartikel;1019024;Schwarzwurzeln;
Einzelartikel;Direktversand_Frischprodukte_Fleisch_0_Schweinefleisch;;
Einzelartikel;1019939;Seductive Loops / Mathias Roloff;
Einzelartikel;1020014;Seitan und Tempeh;
Einzelartikel;Direktversand_Frischprodukte_Setzlinge;;
Einzelartikel;1020133;Setzlinge für Artischocken und Kardy;
Einzelartikel;1018377;Setzlinge für Cherry-Tomaten;
Einzelartikel;1018370;Setzlinge für Cherry-Tomaten;
Einzelartikel;1018376;Setzlinge für Cherry-Tomaten;
Einzelartikel;1018368;Setzlinge für Cherry-Tomaten;
Einzelartikel;1018366;Setzlinge für Cherry-Tomaten;
Einzelartikel;1018367;Setzlinge für Cherry-Tomaten;
Einzelartikel;1018375;Setzlinge für Cherry-Tomaten;
Einzelartikel;1018380;Setzlinge;
Einzelartikel;1018381;Setzlinge;
Einzelartikel;1018383;Setzlinge für Tomaten;
Einzelartikel;1018371;Setzlinge für Tomaten;
Einzelartikel;1018372;Setzlinge für Tomaten;
Einzelartikel;1018373;Setzlinge für Tomaten;
Einzelartikel;1018374;Setzlinge für Tomaten;
Einzelartikel;1020132;Setzlinge für Kürbisgewächse;
Einzelartikel;1018378;Setzlinge;
Einzelartikel;1018379;Setzlinge;
Einzelartikel;1018382;Setzlinge für Tomaten;
Einzelartikel;1021449;Saft- & Smoothie-Paket;
Einzelartikel;Direktversand_Trockenprodukte_Snacks;;
Einzelartikel;1021697;Sommeräpfel;
Einzelartikel;1022174;Überflusskiste;
Einzelartikel;1019149;Sospesi / Federico Piccari;
Einzelartikel;1019186;Souvignier Gris 2018, Weingut Stoll;
Einzelartikel;1020542;Spaghetti;
Einzelartikel;Direktversand_Frischprodukte_Gemuese_0_Spargelnfrisch;;
Einzelartikel;1019937;sprout series #5 / Maria Montesi;
Einzelartikel;1022212;Stangensellerie;
Einzelartikel;1009521;Stofftasche T;
Einzelartikel;1022235;Studentenfutter;
Einzelartikel;Direktversand_Frischprodukte_Gemuese_0_Suesskartoffeln;;
Einzelartikel;1022186;Süsskartoffeln;
Einzelartikel;1021520;;
Einzelartikel;1019938;Sun leaf shade fruit / Oliver Zenklusen;
Einzelartikel;1019941;Sweet Turn / Christina Hemauer & Roman Keller;
Einzelartikel;1020685;Tamarillo-Risottopaket Bhutan Blossoms - A2M;
Einzelartikel;1018594;Oliven-Tapenade;
Einzelartikel;Direktversand_Trockenprodukte_Getraenke_0_Tee;;
Einzelartikel;1001755;Albula;
Einzelartikel;1001757;Bernina;
Einzelartikel;1001756;Capri;
Einzelartikel;1001754;Frida K.;
Einzelartikel;1020686;Teepaket Bhutan Blossoms - A2M;
Einzelartikel;Direktversand_Trockenprodukte_Grundnahrungsmittel_Teigwaren;;
Einzelartikel;1021382;10773;
Einzelartikel;1021381;10454;
Einzelartikel;1021380;BLABLUBBjklh;
Einzelartikel;872;;
Einzelartikel;1021945;Tête de Moine aus Fornet-Dessous;
Einzelartikel;1019159;The Dialogue / Bianca Trevino;
Einzelartikel;1019105;Thymian;
Einzelartikel;1019167;Tibetan Nunnery / Ugo Dalla Porta;
Einzelartikel;1022260;Roter Tilsiter aus Maseltrangen;
Einzelartikel;Direktversand_Frischprodukte_Gemuese_0_Tomatenfrisch;;
Einzelartikel;Direktversand_Trockenprodukte_KonservenEingemachtes_0_Tomateneingemacht;;
Einzelartikel;1021665;Tomatenpassata;
Einzelartikel;1019961;Trasantier Tinto, Bodegas Recuero;
Einzelartikel;1019962;Trasmontes Blanco, Bodegas Recuero;
Einzelartikel;Direktversand_Frischprodukte_Fruechte_0_Traubenfrisch;;
Einzelartikel;1020239;Traubensaft;
Einzelartikel;1022281;Roter Traubensaft;
Einzelartikel;1021446;Weisser Traubensaft;
Einzelartikel;1021364;Traubensaft;
Einzelartikel;1021310;TreeShirt;
Einzelartikel;1000142;Treibstoff 1l;
Einzelartikel;Direktversand_Trockenprodukte_KonservenEingemachtes_0_Trockenfleisch;;
Einzelartikel;1020659;Wild-Trockenwürste;
Einzelartikel;1019958;Trockenfleisch vom Rind;
Einzelartikel;1019955;Trockenfleisch von Zwergzebus;
Einzelartikel;1021243;Trockenfleisch vom Rind;
Einzelartikel;Direktversand_Trockenprodukte_Trockenfruechte;;
Einzelartikel;1022261;Trockenpilze aus Cornaux;
Einzelartikel;1019189;Unterstützung Walls against Walls 10.-;
Einzelartikel;1019146;Unterstützung Walls against Walls 1000.-;
Einzelartikel;1019193;Unterstützung Walls against Walls 10'000.-;
Einzelartikel;1019143;Unterstützung Walls against Walls 120.-;
Einzelartikel;1019147;Unterstützung Walls against Walls 2000.-;
Einzelartikel;1019144;Unterstützung Walls against Walls 240.-;
Einzelartikel;1019140;Unterstützung Walls against Walls 30.-;
Einzelartikel;1019145;Unterstützung Walls against Walls 500.-;
Einzelartikel;1019148;Unterstützung Walls against Walls 5000.-;
Einzelartikel;1019142;Unterstützung Walls against Walls 80.-;
Einzelartikel;1020556;Alpkäse von der Ruosalp;
Einzelartikel;1019161;Vache Globale / Köbi Wiesendanger;
Einzelartikel;1022123;Vacherin aus Echarlens;
Einzelartikel;1022020;Grüne Oliven mit Chili;
Einzelartikel;1022019;Grüne Oliven;
Einzelartikel;1022018;Grüne und schwarze Oliven;
Einzelartikel;Direktversand_Trockenprodukte_Gewuerze_0_Vanille;;
Einzelartikel;1007927;Vanille;
Einzelartikel;1002670;Vanille;
Einzelartikel;1020232;Vanille;
Einzelartikel;1021966;;
Einzelartikel;1022009;;
Einzelartikel;1022291;Vanilleschoten;
Einzelartikel;1022142;Pflanzliches Grillpaket;
Einzelartikel;Direktversand_Frischprodukte_0_0_verarbeitetepflanzlicheProdukte;;
Einzelartikel;1021647;;
Einzelartikel;1017117;Olivenöl;
Einzelartikel;1005862;Olivenöl;
Einzelartikel;1021506;Olivenöl Vergine;
Einzelartikel;1021936;Olivenöl Vergine;
Einzelartikel;1022292;Olivenöl Vergine;
Einzelartikel;1021987;Olivenöl Vergine;
Einzelartikel;1006060;Olivenöl Vergine;
Einzelartikel;1020624;Verjus;
Einzelartikel;Direktversand_Non-Food_Verpackung;;
Einzelartikel;Direktversand_Non-Food_Verpackung_0_Versandverpackung;;
Einzelartikel;1020535;Verveinetee mit Kornblumen;
Einzelartikel;Direktversand_Trockenprodukte_Grundnahrungsmittel_Zucker_Vollrohrzucker;;
Einzelartikel;1016461;Vorratsglas;
Einzelartikel;Direktversand_Trockenprodukte_Nuesse_0_Walnuesse;;
Einzelartikel;1001639;Walnüsse;
Einzelartikel;1021744;Walnüsse;
Einzelartikel;1012031;Walnüsse;
Einzelartikel;1016767;Walnüsse;
Einzelartikel;1019942;tägliches Brot? / MORGENBROT / Gewitter am Sonntag Morgen / Isabelle Krieg;
Einzelartikel;Direktversand_Trockenprodukte_Getraenke_Wein;;
Einzelartikel;1021723;Weinpaket, Weingut Stoll;
Einzelartikel;1019089;Weinpaket vom Weingut Söllner;
Einzelartikel;Direktversand_Trockenprodukte_Getraenke_Wein_Weisswein;;
Einzelartikel;1021509;Donauveltliner, Weingut Soellner;
Einzelartikel;1022272;Weissweinpaket, Weingut Stoll;
Einzelartikel;1020554;Xarel·lo, Mas Comtal;
Einzelartikel;1021249;Zäme AOC, Weingut Stoll;
Einzelartikel;1020734;Weissmehl;
Einzelartikel;1022254;;
Einzelartikel;1020640;Winzersekt;
Einzelartikel;1019166;With Love from Kabul / Artlords;
Einzelartikel;Direktversand_Frischprodukte_Gemuese_0_Wurzelgemuese;;
Einzelartikel;Direktversand_Trockenprodukte_Gewuerze_0_Zatar;;
Einzelartikel;1000227;Zedernüsse;
Einzelartikel;1000270;Zerbrochene Cashews;
Einzelartikel;1003498;Zerbrochene Cashews;
Einzelartikel;1020599;Zerbrochene Cashews;
Einzelartikel;1020468;Zerbrochene Cashews;
Einzelartikel;1020515;Zerbrochene Cashews;
Einzelartikel;1022206;Zerbrochene Paranüsse;
Einzelartikel;1022356;Zerbrochene Paranüsse;
Einzelartikel;1021812;Zerbrochene Paranüsse;
Einzelartikel;1021808;Zerbrochene Paranüsse;
Einzelartikel;Direktversand_Frischprodukte_Fleisch_0_Ziegenfleisch;;
Einzelartikel;1018349;Ziegenfleischpaket;
Einzelartikel;1020581;Ziegenfrischkäse aus Elfingen;
Einzelartikel;1020651;Raclettekäse;
Einzelartikel;Direktversand_Frischprodukte_Fruechte_0_Zitronenfrisch;;
Einzelartikel;1021893;Zitronen Meyer;
Einzelartikel;1021894;Zitronen Meyer;
Einzelartikel;1020606;Zitronen Saisonangebot;
Einzelartikel;1016660;Zitronen Saisonangebot;
Einzelartikel;1016659;Zitronen;
Einzelartikel;1020605;Zitronen Saisonangebot;
Einzelartikel;1021451;;
Einzelartikel;1003925;Zitronengrastee;
Einzelartikel;Direktversand_Frischprodukte_Gemuese_0_Zucchinifrisch;;
Einzelartikel;1020018;Zucchini;
Einzelartikel;1020017;Zucchini;
Einzelartikel;Direktversand_Trockenprodukte_Grundnahrungsmittel_Zucker;;
Einzelartikel;1018986;Zuckerbirnen;
Einzelartikel;1021859;Zuckerbirnen;
Einzelartikel;1019445;Zuckermelonen;
Einzelartikel;Direktversand_Frischprodukte_Fruechte_0_Zwetschgenfrisch;;
Einzelartikel;1022195;Zwetschgen;
Einzelartikel;1021834;Zwetschgen, seltene Sorten;
Einzelartikel;1021845;Zwetschgen Fellenberg;
Einzelartikel;1022136;Zwetschgenkompott;
Einzelartikel;1019012;Zwiebeln und Knoblauch;
Einzelartikel;1022217;;
Einzelartikel;Direktversand_Archiv_Archiv-A2M_ZZ-Archiv-A2M;;
Einzelartikel;Direktversand_Archiv_Archiv-Trockenprodukte_ZZ-Archiv-Brotaufstriche-Nussmuse;;
Einzelartikel;Direktversand_Archiv_Archiv-Frischprodukte_ZZ-Archiv-Fisch-Meeresfrüchte;;
Einzelartikel;Direktversand_Archiv_Archiv-Frischprodukte_ZZ-Archiv-Fleisch;;
Einzelartikel;Direktversand_Archiv_Archiv-Frischprodukte_ZZ-Archiv-Frischprodukte;;
Einzelartikel;Direktversand_Archiv_Archiv-Frischprodukte_ZZ-Archiv-Früchte;;
Einzelartikel;Direktversand_Archiv_Archiv-Frischprodukte_ZZ-Archiv-Gemüse;;
Einzelartikel;Direktversand_Archiv_Archiv-Trockenprodukte_ZZ-Archiv-Getränke;;
Einzelartikel;Direktversand_Archiv_Archiv-Trockenprodukte_ZZ-Archiv-Gewürze;;
Einzelartikel;Direktversand_Archiv_Archiv-Trockenprodukte_ZZ-Archiv-Grundnahrungsmittel;;
Einzelartikel;Direktversand_Archiv_Archiv-Non-Food-ZZ-Archiv-Gutscheine;;
Einzelartikel;Direktversand_Archiv_Archiv-Trockenprodukte_ZZ-Archiv-Konserven-Eingemachtes;;
Einzelartikel;Direktversand_Archiv_Archiv-Frischprodukte_ZZ-Archiv-Milchprodukte;;
Einzelartikel;Direktversand_Archiv_Archiv-Trockenprodukte_ZZ-Archiv-Mischungen;;
Einzelartikel;Direktversand_Archiv_Archiv-Trockenprodukte_ZZ-Archiv-Nuesse;;
Einzelartikel;Direktversand_Archiv_Archiv-Trockenprodukte_ZZ-Archiv-Oel-Essig;;
Einzelartikel;Direktversand_Archiv_Archiv-Parents_ZZ-Archiv-Parents;;
Einzelartikel;Direktversand_Archiv_Archiv-Frischprodukte_ZZ-Archiv-Pflanzliche-Produkte;;
Einzelartikel;Direktversand_Archiv_Archiv-Saisonangebote_ZZ-Archiv-Saisonangebote;;
Einzelartikel;Direktversand_Archiv_Archiv-Frischprodukte_ZZ-Archiv-Setzlinge;;
Einzelartikel;Direktversand_Archiv_Archiv-Trockenprodukte_ZZ-Archiv-Snacks;;
Einzelartikel;Direktversand_Archiv_Archiv-Trockenprodukte_ZZ-Archiv-Trockenfruechte;;
Einzelartikel;Direktversand_Archiv_Archiv-Frischprodukte_ZZ-Archiv-Trockenprodukte;;
Einzelartikel;Direktversand_Archiv_Archiv-Non-Food-ZZ-Archiv-Verpackung;;
Einzelartikel;Direktversand_Archiv_Archiv-Frischprodukte_ZZ-Archiv-Weitere;;
Einzelartikel;Direktversand_Archiv_Archiv-Non-Food-ZZ-Archiv-Weitere;;
Einzelartikel;Direktversand_Archiv_Archiv-Trockenprodukte_ZZ-Archiv-Weitere;;
Einzelartikel;Direktversand_Frischprodukte_Setzlinge_0_Tomatensetzlinge;;
Einzelartikel;Direktversand_Trockenprodukte;;
Einzelartikel;Direktversand_Non-Food;;
Einzelartikel;Direktversand_Frischprodukte_Setzlinge_0_Setzlingeweitere;;
Einzelartikel;Direktversand_Trockenprodukte_Getraenke_0_alkholischeGetraenkeweitere;;
Einzelartikel;Direktversand_Trockenprodukte_Grundnahrungsmittel_0_Grundnahrungsmittelweitere;;
Einzelartikel;Direktversand_Trockenprodukte_OelEssig_0_Oeleweitere;;
Einzelartikel;Direktversand_Testobjekte;;
Einzelartikel;Direktversand_Trockenprodukte_Getraenke_Wein_Weineweitere;;
Einzelartikel;Direktversand_Archiv_Interne-Artikel_nicht aufschalten;;
Einzelartikel;Direktversand_Trockenprodukte_Getraenke_Kaffee_Kaffeerebeldia;;
Einzelartikel;Direktversand_Trockenprodukte_Snacks_0_Schokoladeweitere;;
Einzelartikel;Direktversand_Archiv_Archiv-Frischprodukte;;
Einzelartikel;Direktversand_Archiv_Archiv-Trockenprodukte;;
Einzelartikel;Direktversand_Trockenprodukte_Nuesse_0_Nussmischungen;;
Einzelartikel;Direktversand_Trockenprodukte_Snacks_0_schokolierteFruechte;;
Einzelartikel;Direktversand_Trockenprodukte_Snacks_0_Degustationssets;;
Einzelartikel;Direktversand_Trockenprodukte_Nuesse_0_Nuesseweitere;;
Einzelartikel;Direktversand_Trockenprodukte_Trockenfruechte_0_Trockenfruechteweitere;;
Einzelartikel;Direktversand_Frischprodukte_0_0_Frischprodukteweitere;;
Einzelartikel;Direktversand_Trockenprodukte_Snacks_0_Geschenkboxen;;
Einzelartikel;Direktversand_Trockenprodukte_Getraenke_Kaffee_KaffeeAndere;;
Einzelartikel;Direktversand_Archiv_Parents;;
Einzelartikel;Direktversand_Archiv_Archiv-Non-Food;;
Einzelartikel;Direktversand_Archiv_Archiv-A2M;;
Einzelartikel;Direktversand_Archiv_Archiv-Saisonangebote;;
Einzelartikel;Direktversand_Trockenprodukte_Gewuerze_0_GewuerzeWeitere;;
Einzelartikel;Direktversand_Trockenprodukte_Getraenke_Kaffee_Rohkaffee;;
Einzelartikel;Direktversand_Trockenprodukte_0_0_Trockenprodukteweitere;;
Einzelartikel;Direktversand_Archiv;;
Einzelartikel;Direktversand_Trockenprodukte_Brotaufstrich_0_Nussmuse-weitere;;
Parent;15657;Pistazien gesalzen/geröstet;
Parent;10722;Gemüseabo WeltweitabHof;
Parent;10720;Probierpaket WeltweitabHof;
Parent;14008;Alpkäse aus Parpan;
Parent;18396;Aufkleber gross;
Parent;18395;Aufkleber klein;
Parent;10671;Basmatireis;
Parent;12135;Basmatireis Ersatz;
Parent;12348;Bergkäse aus Müstair;
Parent;10669;Brauner Jasminreis;
Parent;15398;Brauner Jasminreis;
Parent;10682;Bündner Alpkäse;
Parent;10684;Bergkäse aus Vicosoprano;
Parent;12905;Bergkäse 'Grottino' aus San Carlo;
Parent;10701;Café RebelDía;
Parent;12107;Café RebelDía;
Parent;17302;Capple Snackmix;
Parent;10657;Cashews nature;
Parent;10713;Cassis;
Parent;15976;Entsteinte Datteln;
Parent;10721;Espresso RebelDía;
Parent;12492;Espresso RebelDía;
Parent;11937;Fusilli;
Parent;14829;Fusilli Rustici;
Parent;18399;Kleiner Geschenkbeutel;
Parent;18398;Grosser Geschenkbeutel;
Parent;18825;Getrocknete Tomaten in Öl;
Parent;14430;Hausmischung Crème;
Parent;14431;Hausmischung Crème;
Parent;14432;Hausmischung Espresso;
Parent;14433;Hausmischung Espresso;
Parent;11940;Hummus;
Parent;18976;Conchiglioni aus Kichererbsen;
Parent;12068;Kirschsaft;
Parent;14584;Kokosmilch;
Parent;11938;Kokosmilch;
Parent;10660;Kokosmilch;
Parent;10670;Langkornreis;
Parent;12549;Mango Amélie;
Parent;12547;Mango Brooks;
Parent;15573;Mango Brooks;
Parent;12548;Mango Lippens;
Parent;15586;Mango Lippens;
Parent;18397;Papierbeutel;
Parent;10719;Pelati;
Parent;12631;Pelati;
Parent;19444;Pelati;
Parent;11941;Pelati;
Parent;18823;Pelati;
Parent;18822;Pelati;
Parent;10681;Penne;
Parent;10667;Vollkornpenne;
Parent;17582;Risottoreis;
Parent;13655;Rispendatteln;
Parent;10672;Rispendatteln;
Parent;10685;Rispendatteln;
Parent;10712;Roggenmehl, dunkel;
Parent;10673;Rohrohrzucker;
Parent;15598;Rosinen;
Parent;10674;Rosinen;
Parent;12841;Rosinen;
Parent;12505;Safran;
Parent;16182;Bündner Bergkäse 'San Carlo';
Parent;12104;The Angry Gorilla Milch;
Parent;12105;The Angry Gorilla zartbitter;
Parent;17694;Seetaler Perlwein mit Haskapbeeren;
Parent;10698;Setzlinge Tomaten;
Parent;10675;Spaghetti;
Parent;10676;Tomatenpassata;
Parent;18043;Tomatenpassata;
Parent;10711;Urdinkelmehl dunkel;
Parent;10710;Urdinkelmehl hell;
Parent;10677;Vollrohrzucker;
Parent;17055;Vollrohrzucker;
Parent;10668;Weisser Jasminreis;
Parent;10709;Weissmehl;
Parent;10678;Za'tar;
Parent;15112;Walnüsse;
Parent;18756;Berner Alpkäse mild;
Parent;16989;Grüne Spargeln;
Parent;16851;Kirschen;
Parent;11533;Kirschen;
Parent;10743;Mandelmus;
Parent;10694;Mandeln mit Chili;
Parent;14813;Mandeln Katha;
Parent;15115;Mandeln mit Rosmarin;
Parent;14806;Pflaumen;
Parent;15118;Pistazien gesalzen/geröstet;
Parent;10446;01Test Name Parent 1;
Parent;11370;IAT 2 parent aName;
Parent;10763;Name parent 2;
Parent;14498;Testparent;
Parent;12067;Äpfel alte Sorten;
Parent;10733;Äpfel und Birnen;
Parent;18022;Äpfel süss-säuerlich;
Parent;18023;Äpfel Sortenmix;
Parent;10653;Ananas;
Parent;10654;Ananas;
Parent;18021;Äpfel säuerlich;
Parent;18020;Äpfel süss;
Parent;11932;Aprikosen;
Parent;19384;Artischocken Agkinara Irion;
Parent;11532;Auberginen;
Parent;16905;Wilde Austern;
Parent;12974;Avocados;
Parent;12975;Avocados;
Parent;10655;Avocados;
Parent;10656;Avocados;
Parent;18339;Avocados Fuerte;
Parent;12137;Babybananen;
Parent;12138;Babybananen;
Parent;10689;Bananen;
Parent;10690;Bananen;
Parent;12586;Bananen;
Parent;12587;Bananen;
Parent;16916;Gemischte Beeren zur Abholung;
Parent;18222;Alpkäse von der Alp Schüpfi;
Parent;16906;Fleisch vom Bruderhahn;
Parent;10659;Clementinen;
Parent;10658;Clementinen;
Parent;10700;Edamame;
Parent;10726;Erdbeeren;
Parent;13309;Erdbeeren zur Abholung;
Parent;10734;Federkohl;
Parent;14999;Alternativen zu Fisch und Fleisch;
Parent;16907;;
Parent;12106;Gitzi;
Parent;10708;Grapefruits;
Parent;10707;Grapefruits;
Parent;10718;Grüne Spargeln;
Parent;10699;Heidelbeeren;
Parent;16917;Himbeeren zur Abholung;
Parent;16908;;
Parent;18482;Ingwer & Kurkuma;
Parent;18337;Ingwer & Kurkuma;
Parent;15504;Alternativen zu Käse;
Parent;12652;Karotten;
Parent;10683;Kartoffeln;
Parent;19865;;
Parent;10703;Kirschen;
Parent;10731;Kürbis;
Parent;10730;Kürbis;
Parent;16909;;
Parent;16737;Lammfleisch, Hof Guggenbüel;
Parent;10714;Lammfleisch, Hof Schär;
Parent;12380;Lammfleisch, Hof Guggenbüel;
Parent;12979;Lammfleisch, Hof Schär;
Parent;10666;Lammfleisch;
Parent;19753;Limetten;
Parent;12988;Mandarinen Tardivo di Ciaculli;
Parent;12989;Mandarinen Tardivo di Ciaculli;
Parent;18960;Mandarinen Nadorcott;
Parent;10661;Mangos;
Parent;10662;Mangos;
Parent;15495;Mangos;
Parent;10702;Mini-Kiwi;
Parent;13556;Nektarinen;
Parent;13557;Nektarinen;
Parent;16915;;
Parent;18224;Alpkäse von der Alp Jänzimatt;
Parent;10665;Orangen;
Parent;10664;Orangen;
Parent;10741;Orangen-Probierpaket;
Parent;14865;Orangen-Probierpaket;
Parent;11530;Osterlamm;
Parent;16751;Passionsfrüchte;
Parent;10696;Peperoni;
Parent;10740;Persimonen;
Parent;10739;Persimonen;
Parent;12748;Tofu, Tempeh und Seitan;
Parent;15419;Walliser Raclettekäse;
Parent;10693;Rhabarber;
Parent;16910;Angusrind;
Parent;16911;;
Parent;16914;;
Parent;10738;Schottisches Hochlandrind;
Parent;13970;Sambi;
Parent;16913;;
Parent;13524;Sommergemüse;
Parent;14159;Sommerorangen;
Parent;14158;Sommerorangen;
Parent;10727;Stachelbeeren;
Parent;10706;Süsskartoffeln;
Parent;11704;Süssmais;
Parent;10736;Topinambur;
Parent;12375;Tofu und Okara;
Parent;10728;Tomaten, gemischt;
Parent;17131;Tomaten;
Parent;10692;Weidegitzi;
Parent;10686;Weisse Spargeln;
Parent;10687;Weisse Spargeln;
Parent;10737;Wintergemüse;
Parent;12653;Wintersalat;
Parent;10691;Wurzelpaket;
Parent;10680;Zitronen;
Parent;10679;Zitronen;
Parent;10724;Zwetschgen;
Parent;10735;Zwiebeln und Knoblauch;
Parent;10704;Zwiebeln;
Child;1013535;"Gemüseabo ""Weltweit ab Hof"", gross, vegan";10722
Child;1013532;"Gemüseabo ""Weltweit ab Hof""";10722
Child;1016034;"Gemüseabo ""Weltweit ab Hof""";10722
Child;1016035;"Gemüseabo ""Weltweit ab Hof""";10722
Child;1014033;"Probepaket ""Weltweit ab Hof"", gross, vegan";10720
Child;1014032;"Probepaket ""Weltweit ab Hof"", klein, vegan";10720
Child;1013534;"Probepaket ""Weltweit ab Hof"", gross";10720
Child;1013533;"Probepaket ""Weltweit ab Hof"", klein";10720
Child;1022259;Äpfel alte Sorten;12067
Child;1020598;Äpfel alte Sorten;12067
Child;1019795;Äpfel alte Sorten;12067
Child;1019813;Äpfel Sortenmix;18023
Child;1022210;Äpfel Sortenmix;18023
Child;1021331;Äpfel säuerlich;18021
Child;1021975;Äpfel süss;18020
Child;1021700;Äpfel süss;18020
Child;1021699;Äpfel süss-säuerlich;18022
Child;1021334;Äpfel süss-säuerlich;18022
Child;1019920;Äpfel Sortenmix;18023
Child;1019921;Äpfel Sortenmix;18023
Child;1021933;Äpfel Sortenmix;18023
Child;1018942;Bündner Alpkäse;10682
Child;1021772;Alpkäse aus Parpan;14008
Child;1021771;Alpkäse aus Parpan;14008
Child;1022243;Äpfel und Birnen;10733
Child;1020579;Äpfel und Birnen;10733
Child;1019782;Äpfel und Birnen;10733
Child;1021204;Aprikosen;11932
Child;1020502;Aprikosen;11932
Child;1020508;Auberginen;11532
Child;1021735;Auberginen;11532
Child;1020507;Auberginen;11532
Child;1020509;Auberginen;11532
Child;1002797;Aufkleber gross;18396
Child;1022244;Aufkleber gross;18396
Child;1002795;Aufkleber klein;18395
Child;1022241;Aufkleber klein;18395
Child;1019084;Wilde Austern;16905
Child;1020693;Basmatireis;10671
Child;1021242;Basmatireis;10671
Child;1020694;Basmatireis;10671
Child;1009020;Basmatireis;10671
Child;1009019;Basmatireis;10671
Child;1021871;Walnüsse von Hochstammbäumen;15112
Child;1022209;Walnüsse von Hochstammbäumen;15112
Child;1022262;Walnüsse von Hochstammbäumen;15112
Child;1021906;Walnüsse von Hochstammbäumen;15112
Child;1021890;Walnüsse Fernor;15112
Child;1022131;Gemischte Beeren zur Abholung;16916
Child;1022130;Gemischte Beeren zur Abholung;16916
Child;1021961;Bündner Bergkäse 'San Carlo';16182
Child;1021960;Bündner Bergkäse 'San Carlo';16182
Child;1021055;Bergkäse aus Müstair;12348
Child;1021361;Bergkäse aus Müstair;12348
Child;1016462;Bergkäse aus Vicosoprano;10684
Child;1016463;Bergkäse aus Vicosoprano;10684
Child;1022279;Berner Alpkäse mild;18756
Child;1022278;Berner Alpkäse mild;18756
Child;1021355;Fleisch vom Bruderhahn;16906
Child;1021778;Bergkäse 'Grottino' aus San Carlo;12905
Child;1021779;Bergkäse 'Grottino' aus San Carlo;12905
Child;1021819;Café RebelDía;10701
Child;1017419;Café RebelDía;10701
Child;1017420;Café RebelDía;10701
Child;1021820;Café RebelDía;10701
Child;1017421;Café RebelDía;10701
Child;1017422;Café RebelDía;10701
Child;1022147;Capple Snackmix;17302
Child;1022148;Capple Snackmix 15x100g;17302
Child;1000271;Cashews;10657
Child;1006053;Cashews;10657
Child;1020126;Cassis;10713
Child;1019328;Edamame;10700
Child;1019976;Edamame;10700
Child;1019335;Erdbeeren zur Abholung;13309
Child;1020510;Erdbeeren zur Abholung;13309
Child;1022360;Erdbeeren zur Abholung;13309
Child;1021711;Erdbeeren zur Abholung;13309
Child;1021712;Erdbeeren zur Abholung;13309
Child;1021713;Erdbeeren zur Abholung;13309
Child;1021714;Erdbeeren zur Abholung;13309
Child;1021825;Hausmischung Espresso;14432
Child;1000262;Hausmischung Espresso;14432
Child;1021826;Hausmischung Espresso;14432
Child;1000117;Hausmischung Espresso;14432
Child;1021821;Espresso RebelDía;10721
Child;1021185;Espresso RebelDía;10721
Child;1020234;Espresso RebelDía;10721
Child;1021822;Espresso RebelDía;10721
Child;1021186;Espresso RebelDía;10721
Child;1020235;Espresso RebelDía;10721
Child;1020559;Federkohl;10734
Child;1020557;Federkohl;10734
Child;1021885;Alternativen zu Fisch und Fleisch;14999
Child;1021886;Alternativen zu Fisch und Fleisch;14999
Child;1022197;Ananas;10653
Child;1020903;Ananas;10653
Child;1007300;Ananas;10653
Child;1015231;Ananas;10653
Child;1017557;Ananas;10653
Child;1010631;Ananas;10653
Child;1016661;Ananas;10653
Child;1022196;Ananas;10653
Child;1020902;Ananas;10653
Child;1007299;Ananas;10653
Child;1014431;Ananas;10653
Child;1015435;Ananas;10653
Child;1010630;Ananas;10653
Child;1014432;Ananas;10653
Child;1022348;Artischocken Agkinara Irion;19384
Child;1021900;Artischocken Agkinara Irion;19384
Child;1021636;Avocados;12974
Child;1021637;Avocados Hass;12974
Child;1022157;Avocados;12974
Child;1022158;Avocados Hass;12974
Child;1021958;Avocados;12974
Child;1021959;Avocados Hass;12974
Child;1021634;Avocados;12974
Child;1021635;Avocados Hass;12974
Child;1021638;Avocados;12974
Child;1021639;Avocados Hass;12974
Child;1021802;Avocados;12974
Child;1021801;Avocados Hass;12974
Child;1021799;Avocados;12974
Child;1021800;Avocados Hass;12974
Child;1017885;Avocados;12974
Child;1017236;Avocados;12974
Child;1016139;Avocados;12974
Child;1016138;Avocados;12974
Child;1020888;Avocados;12974
Child;1020889;Avocados;12974
Child;1017886;Avocados;12974
Child;1017269;Avocados;12974
Child;1022202;Avocados Fuerte;18339
Child;1021896;Avocados Fuerte;18339
Child;1022200;Avocados Fuerte;18339
Child;1021368;Babybananen;12137
Child;1022226;Babybananen;12137
Child;1021369;Babybananen;12137
Child;1022227;Babybananen;12137
Child;1021344;Babybananen;12137
Child;1022216;Babybananen;12137
Child;1021345;Babybananen;12137
Child;1022222;Babybananen;12137
Child;1021366;Babybananen;12137
Child;1022223;Babybananen;12137
Child;1021367;Babybananen;12137
Child;1022225;Babybananen;12137
Child;1021370;Babybananen;12137
Child;1022228;;12137
Child;1021371;Babybananen;12137
Child;1022229;;12137
Child;1020634;Babybananen;12137
Child;1022213;Babybananen;12137
Child;1021343;Babybananen;12137
Child;1022214;Babybananen;12137
Child;1021372;Bananen;10689
Child;1021374;Bananen;10689
Child;1021373;Bananen;10689
Child;1021375;Bananen;10689
Child;1021388;Bananen;10689
Child;1021389;Bananen;10689
Child;1021338;Bananen;10689
Child;1021342;Bananen;10689
Child;1019117;Bananen;10689
Child;1019118;Bananen;10689
Child;1018628;Bananen;10689
Child;1018629;Bananen;10689
Child;1018995;Bananen;10689
Child;1018996;Bananen;10689
Child;1018993;Bananen;10689
Child;1018994;Bananen;10689
Child;1019121;Bananen;10689
Child;1019122;Bananen;10689
Child;1018997;Bananen;10689
Child;1018998;Bananen;10689
Child;1019119;Bananen;10689
Child;1019120;Bananen;10689
Child;1018386;Bananen;10689
Child;1018387;Bananen;10689
Child;1018089;Bananen;10689
Child;1018090;Bananen;10689
Child;1006071;Clementinen;10659
Child;1016563;Clementinen;10659
Child;1007082;Clementinen;10659
Child;1009523;Clementinen;10659
Child;1020608;Clementinen;10659
Child;1019094;Grapefruits;10708
Child;1019095;Grapefruits;10708
Child;1009828;Grapefruits;10708
Child;1021984;Grapefruits;10708
Child;1022365;Limetten;19753
Child;1022364;Limetten;19753
Child;1020886;Mandarinen Tardivo di Ciaculli;12988
Child;1021532;Mandarinen Tardivo di Ciaculli;12988
Child;1021642;Mandarinen Tardivo di Ciaculli;12988
Child;1021643;Mandarinen Tardivo di Ciaculli;12988
Child;1022294;Mandarinen Nadorcott;18960
Child;1022006;Mandarinen Nadorcott;18960
Child;1021673;Mangos;10661
Child;1006772;Mangos;10661
Child;1006773;Mangos;10661
Child;1006770;Mangos;10661
Child;1006771;Mangos;10661
Child;1021925;Mangos;10661
Child;1021898;Mangos;10661
Child;1021751;Nektarinen;13556
Child;1021749;Nektarinen;13556
Child;1021752;Nektarinen;13556
Child;1021750;Nektarinen;13556
Child;1021863;Orangen-Probierpaket;10741
Child;1021864;Orangen-Probierpaket;10741
Child;1015835;Orangen;10665
Child;1015836;Orangen;10665
Child;1004963;Orangen;10665
Child;1016562;Orangen;10665
Child;1005289;Orangen;10665
Child;1005290;Orangen;10665
Child;1006310;Orangen;10665
Child;1006958;Orangen;10665
Child;1017114;Orangen;10665
Child;1017115;Orangen;10665
Child;1020586;Orangen;10665
Child;1022013;Passionsfrüchte;16751
Child;1022012;Passionsfrüchte;16751
Child;1022014;Passionsfrüchte;16751
Child;1022015;Passionsfrüchte;16751
Child;1019047;Persimonen;10740
Child;1019790;Persimonen;10740
Child;1019966;Persimonen;10740
Child;1021787;Sommerorangen;14159
Child;1021788;Sommerorangen;14159
Child;1005968;Sommerorangen;14159
Child;1008213;Sommerorangen;14159
Child;1019203;Weisse Spargeln;10686
Child;1019202;Weisse Spargeln;10686
Child;1006649;Weisse Spargeln;10686
Child;1006651;Weisse Spargeln;10686
Child;1011735;Weisse Spargeln;10686
Child;1011736;Weisse Spargeln;10686
Child;1018617;Weisse Spargeln;10686
Child;1017118;Weisse Spargeln;10686
Child;1019205;Weisse Spargeln;10686
Child;1019204;Weisse Spargeln;10686
Child;1006652;Weisse Spargeln;10686
Child;1006650;Weisse Spargeln;10686
Child;1019643;Weisse Spargeln;10686
Child;1019642;Weisse Spargeln;10686
Child;1021081;Weisse Spargeln;10686
Child;1021080;Weisse Spargeln;10686
Child;1021739;Weisse Spargeln;10686
Child;1021738;Weisse Spargeln;10686
Child;1021522;Zitronen;10680
Child;1021523;Zitronen;10680
Child;1009826;Zitronen;10680
Child;1016657;Zitronen;10680
Child;1016658;Zitronen;10680
Child;1009931;Zitronen;10680
Child;1009932;Zitronen;10680
Child;1017882;Zitronen;10680
Child;1017883;Zitronen;10680
Child;1020610;Zitronen;10680
Child;1017238;Ingwer & Kurkuma;18482
Child;1017237;Ingwer & Kurkuma;18482
Child;1017407;Ingwer & Kurkuma;18482
Child;1017406;Ingwer & Kurkuma;18482
Child;1021195;Fusilli;11937
Child;1021196;Fusilli;11937
Child;1021835;Fusilli Rustici;14829
Child;1021836;Fusilli Rustici;14829
Child;1019083;Weidegans;16906
Child;1002800;Kleiner Geschenkbeutel;18399
Child;1022247;Kleiner Geschenkbeutel;18399
Child;1002799;Grosser Geschenkbeutel;18398
Child;1022246;Grosser Geschenkbeutel;18398
Child;1022274;Getrocknete Tomaten in Öl;18825
Child;1022264;Getrocknete Tomaten in Öl;18825
Child;1019174;Gitzi;12106
Child;1019182;Gitzi;12106
Child;1019183;Gitzi;12106
Child;1020237;Grüne Spargeln;16989
Child;1020350;Grüne Spargeln;16989
Child;1021202;Grüne Spargeln;16989
Child;1019332;Heidelbeeren;10699
Child;1019330;Heidelbeeren;10699
Child;1019331;Heidelbeeren;10699
Child;1020352;Heidelbeeren;10699
Child;1022132;Himbeeren zur Abholung;16917
Child;1022133;Himbeeren zur Abholung;16917
Child;1021769;Sambi;13970
Child;1020351;Sambi;13970
Child;1021721;Fleisch von Dual-Hühnern;16906
Child;1021282;Hummus;11940
Child;1021197;Hummus;11940
Child;1021384;IAT Test child2;14498
Child;1000406;Brauner Jasminreis;10669
Child;1000260;Brauner Jasminreis;10669
Child;1000069;Brauner Jasminreis;10669
Child;1021908;;10669
Child;1000201;Weisser Jasminreis;10668
Child;1000126;Weisser Jasminreis;10668
Child;1019975;Alternativen zu Käse;15504
Child;1021927;Alternativen zu Käse;15504
Child;1021823;Hausmischung Crème;14430
Child;1000205;Hausmischung Crème;14430
Child;1021824;Hausmischung Crème;14430
Child;1000223;Hausmischung Crème;14430
Child;1021413;Karotten;12652
Child;1019796;Karotten;12652
Child;1021398;Karotten;12652
Child;1019022;Kartoffeln;10683
Child;1018950;Kartoffeln;10683
Child;1019783;Kartoffeln;10683
Child;1022375;;19865
Child;1020015;Kefen;10700
Child;1022288;Conchiglioni aus Kichererbsen;18976
Child;1022282;Conchiglioni aus Kichererbsen;18976
Child;1020469;Kirschen;16851
Child;1020499;Kirschen;16851
Child;1022126;Kirschen;16851
Child;1022125;Kirschen;16851
Child;1019542;Kirschen;16851
Child;1020500;Kirschen;16851
Child;1018630;Kirschsaft;12068
Child;1018951;Zwiebeln und Knoblauch;10735
Child;1019754;Zwiebeln und Knoblauch;10735
Child;1020681;Kokosmilch;14584
Child;1007314;Kokosmilch;14584
Child;1020650;Kokosmilch;14584
Child;1000051;Kokosmilch;14584
Child;1021846;Kokosmilch;14584
Child;1021847;Kokosmilch;14584
Child;1018957;Kürbis;10731
Child;1019947;Kürbis;10731
Child;1020570;Kürbis;10731
Child;1020021;Lammfleisch, Hof Schär;10714
Child;1020019;Lammfleisch, Hof Schär;10714
Child;1000544;Lammfleisch;10666
Child;1020020;Lammfleisch, Hof Schär;10714
Child;1020022;Lammfleisch, Hof Schär;10714
Child;1002673;Lammfleisch;10666
Child;1021494;Lammfleisch, Hof Guggenbüel;16737
Child;1021496;Lammfleisch, Hof Guggenbüel;16737
Child;1021948;Lammfleisch, Hof Guggenbüel;16737
Child;1021495;Lammfleisch, Hof Guggenbüel;16737
Child;1021497;Lammfleisch, Hof Guggenbüel;16737
Child;1021949;Lammfleisch, Hof Guggenbüel;16737
Child;1009018;Langkornreis;10670
Child;1009017;Langkornreis;10670
Child;1008216;Mandelmus;10743
Child;1021881;Mandelmus;10743
Child;1021817;Mandeln mit Chili;10694
Child;1021816;Mandeln mit Rosmarin;15115
Child;1021252;Mandeln Katha;14813
Child;1001535;Mandeln Katha;14813
Child;1000214;Mango Amélie;12549
Child;1021256;Mango Amélie;12549
Child;1000275;Mango Brooks;12547
Child;1014331;Mango Brooks;12547
Child;1021191;Mango Brooks;12547
Child;1021930;Mango Brooks;12547
Child;1002236;Mango Lippens;12548
Child;1014332;Mango Lippens;12548
Child;1021192;Mango Lippens;12548
Child;1021931;Mango Lippens;12548
Child;1019450;Mini-Kiwis;10702
Child;1019449;Mini-Kiwi;10702
Child;1022233;Alpkäse von der Alp Jänzimatt;18224
Child;1022232;Alpkäse von der Alp Jänzimatt;18224
Child;1002674;Osterlamm;11530
Child;1002676;Osterlamm;11530
Child;1002675;Osterlamm;11530
Child;1016032;Papierbeutel;18397
Child;1022245;Papierbeutel;18397
Child;1019341;Pelati;10719
Child;1019342;Pelati;10719
Child;1021408;Pelati;10719
Child;1021387;Pelati;10719
Child;1022341;Pelati;10719
Child;1022253;Pelati;10719
Child;1022252;Pelati;10719
Child;1022251;Pelati;10719
Child;1022273;Pelati;10719
Child;1020349;Pelati;10719
Child;1020348;Pelati;10719
Child;1018356;Penne;10681
Child;1018315;Penne;10681
Child;1017111;Penne Vollkorn;10667
Child;1018317;Penne Vollkorn;10667
Child;1019334;Peperoni;10696
Child;1019314;Peperoni;10696
Child;1019447;Peperoni;10696
Child;1021434;Tofu, Tempeh und Seitan;12748
Child;1021435;Tofu, Tempeh und Seitan;12748
Child;1021028;Pflaumen;14806
Child;1021694;Pflaumen;14806
Child;1002342;Pistazien;15657
Child;1021763;Walliser Raclettekäse;15419
Child;1021919;Walliser Raclettekäse;15419
Child;1021029;Rhabarber;10693
Child;1019181;Rhabarber;10693
Child;1018985;Rhabarber;10693
Child;1021073;Rindfleisch aus Lenzburg;16910
Child;1018622;Schottisches Hochlandrind;10738
Child;1019957;Schottisches Hochlandrind;10738
Child;1019969;Rindfleisch;16910
Child;1022155;Risottoreis;17582
Child;1022154;Risottoreis;17582
Child;1016237;Rispendatteln;13655
Child;1017425;Rispendatteln;13655
Child;1017426;Rispendatteln;13655
Child;1016239;Rispendatteln;13655
Child;1017424;Rispendatteln;13655
Child;1019984;Roggenmehl, dunkel;10712
Child;1003609;Rohrohrzucker;10673
Child;1003611;Rohrohrzucker;10673
Child;1003610;Rohrohrzucker;10673
Child;1006301;Rosinen;15598
Child;1021457;Rosinen;15598
Child;1021793;Rosinen;15598
Child;1021909;;15598
Child;1001641;Rosinen;15598
Child;1021456;Rosinen;15598
Child;1021928;Rosinen;15598
Child;1021979;Rosinen;15598
Child;1021921;Rosinen;15598
Child;1020011;Safran;12505
Child;1020781;The Angry Gorilla Milch;12104
Child;1020783;The Angry Gorilla zartbitter;12105
Child;1021236;The Angry Gorilla Milch;12104
Child;1021238;The Angry Gorilla zartbitter;12105
Child;1021442;Schweinefleisch;16913
Child;1022162;Seetaler Perlwein mit Haskapbeeren;17694
Child;1022163;Seetaler Perlwein mit Haskapbeeren;17694
Child;1021747;Sommergemüse;13524
Child;1021257;Sommergemüse;13524
Child;1012531;Spaghetti;10675
Child;1018316;Spaghetti;10675
Child;1020490;Stachelbeeren;10727
Child;1020489;Stachelbeeren;10727
Child;1019760;Süsskartoffeln;10706
Child;1019319;Süsskartoffeln;10706
Child;1019927;Süsskartoffeln;10706
Child;1019946;Süsskartoffeln;10706
Child;1021727;Süsskartoffeln;10706
Child;1020016;Süssmais;11704
Child;1021214;Süssmais;11704
Child;1021838;Testartikel1;14498
Child;1021839;Testartikel2;14498
Child;1021840;Testartikel3;14498
Child;1021362;Tofu und Okara;12375
Child;1019757;Tofu und Okara;12375
Child;1018962;Tomaten;17131
Child;1022145;Tomaten;17131
Child;1022242;Tomaten;17131
Child;1020505;Tomaten, gemischt;10728
Child;1020504;Tomaten, gemischt;10728
Child;1020503;Tomaten, gemischt;10728
Child;1020506;Tomaten, gemischt;10728
Child;1018369;Setzlinge für Tomaten;10698
Child;1016133;Tomatenpassata;10676
Child;1014138;Tomatenpassata;10676
Child;1022207;Tomatenpassata;10676
Child;1022204;Tomatenpassata;10676
Child;1018984;Topinambur;10736
Child;1020560;Topinambur;10736
Child;1019981;Urdinkelmehl, dunkel;10711
Child;1019986;Urdinkelmehl, dunkel;10711
Child;1019980;Urdinkelmehl, hell;10710
Child;1019985;Urdinkelmehl, hell;10710
Child;1021981;Vollrohrzucker;10677
Child;1021982;Vollrohrzucker;10677
Child;1009015;Vollrohrzucker;10677
Child;1009016;Vollrohrzucker;10677
Child;1021320;Weidegitzi;10692
Child;1021322;Weidegitzi;10692
Child;1021323;Weidegitzi;10692
Child;1019978;Weissmehl;10709
Child;1019983;Weissmehl;10709
Child;1020561;Wintergemüse;10737
Child;1020562;Wintergemüse;10737
Child;1021414;Wintersalat;12653
Child;1021440;Wintersalat;12653
Child;1021327;Wintersalat;12653
Child;1019021;Wurzelpaket;10691
Child;1019013;Wurzelpaket   ?;10691
Child;1022191;Za'tar;10678
Child;1000319;Za'tar;10678
Child;1000119;Za'tar;10678
Child;1022187;Za'tar;10678
Child;1019442;Zwetschgen;10724
Child;1019541;Zwetschgen;10724
Child;1021297;Zwiebeln;10704
Child;1021296;Zwiebeln;10704
Child;1021383;IAT child1_7 de;14498
